Observation,Y-Kappa,ChipRate,BF-CMratio,BlowFlow,ChipLevel4 ,T-upperExt-2 ,T-lowerExt-2  ,UCZAA,WhiteFlow-4 ,AAWhiteSt-4 ,AA-Wood-4  ,ChipMoisture-4 ,SteamFlow-4 ,Lower-HeatT-3,Upper-HeatT-3 ,ChipMass-4 ,WeakLiquorF ,BlackFlow-2 ,WeakWashF ,SteamHeatF-3 ,T-Top-Chips-4 ,SulphidityL-4 
31-00:00,0.847817471,1.477247045,4.496219031,-0.554158052,-1.046868067,0.151201134,0.722908353,-0.469630061,0.095125159,-0.334867273,-1.57474925,-0.605535184,0.054731354,0.875097633,0.584435032,0.984718651,2.050892083,0.996658255,-0.057158784,1.07701557,0.653982261,1.225905714
31-01:00,2.354961987,1.673433396,-1.074182465,0.941497982,0.961540881,-0.658254881,0.660270243,0.534068611,-0.832758795,-1.024536287,-1.494808864,-2.049911367,-1.206644598,1.175724513,0.96853073,0.080071724,-1.703101656,0.850746213,-0.15623054,-0.67134847,0.13393664,-2.557045064
31-02:00,0.877960361,1.605106426,-1.003728857,0.951885516,-0.234755271,-0.77331583,0.685561363,1.016980236,-0.647187986,-0.780760663,-1.477044334,-1.670034111,-0.97743254,0.811989762,0.645717717,0.137560257,-1.609020251,1.050617901,-0.180226734,0.462064702,0.078909458,-1.61130737
31-03:00,1.015277973,1.448833849,-0.814678341,1.006154675,-0.534912423,-0.670790704,0.932182544,1.054855657,0.455634961,-1.363970702,-1.473713485,-0.899746959,0.298490927,0.754717208,0.402097468,1.376221941,-0.873892784,1.033079169,-0.166688216,1.128097751,-0.713946981,-2.724597018
31-04:00,0.78083327,0.86703984,0.781356827,0.999120519,-0.188269202,-0.592217955,1.137525472,0.458317767,0.684570423,-0.499955829,-1.346030923,-0.955921045,0.569216623,0.641684959,0.121578138,1.549325514,0.107658128,1.160458325,-0.314629971,0.984019805,-1.020859152,-2.743213902
1-08:00,-2.122931832,0.68573659,-0.226651651,-0.613715229,-0.710423679,-1.445773205,0.152875337,-0.535912049,0.528652065,-1.88855116,0.733529397,-0.47212173,-0.281812975,-0.70886671,-0.404287713,0.265225914,-0.398642917,-1.766803771,2.020567968,0.682984219,-1.281269478,-0.267168363
1-09:00,-2.370773374,-0.430496101,1.426137813,0.10144712,-1.673668891,-1.200205382,0.387047521,-0.55484976,1.553269102,-0.26698039,0.739080813,0.102258298,1.095588276,-0.518894728,-0.930153564,1.413862398,-0.74018145,-1.619790101,-0.401163562,1.842375081,-1.931520262,-0.074669785
31-06:00,0.697103019,-0.159894237,0.604309519,0.738033282,0.348697587,-0.515995673,0.934803385,-0.232908676,0.488337891,0.009195792,-1.409317062,-0.755800864,0.795590142,0.924805888,0.247811837,1.26273348,-0.309640394,0.970272908,-0.200018991,0.900847537,-0.978232461,-2.352259343
31-07:00,0.646864869,-0.069919117,1.303887756,1.125437691,0.832714753,-0.475030393,0.637599964,-0.119282412,-0.015918261,0.399545368,-1.412647912,-0.731224701,0.350826497,1.318797837,0.668375047,0.90249091,0.11635083,0.989087917,-0.247446764,0.62600794,-0.634893847,-1.08593891
31-08:00,1.383691077,-0.329020402,1.168068855,1.006303494,1.209591482,-0.510287396,0.43631934,0.212127527,-0.593939182,0.873210664,-1.403765647,-0.935557939,-0.454963879,1.487157535,1.085054144,0.286917025,0.281528443,0.994549039,-0.529411253,-0.182574955,-0.086947119,-2.370876227
31-09:00,0.680356969,-0.312107786,1.104399668,1.168495854,1.458063619,-1.035113067,-0.218235814,-0.119282412,-0.765065076,0.566176808,-1.40487593,-0.827422823,-0.701384582,0.907083814,0.988167083,0.102046379,-0.082775527,1.000856534,-0.910742081,-0.80472972,0.039382891,-0.896046696
31-10:00,1.283214776,-0.148393657,-0.164026221,0.958800617,1.581046789,-0.989670708,-0.655392169,-0.602194037,-0.782560471,1.027499034,-1.363795454,-1.134273767,-0.822199916,0.961330649,0.48797954,0.084041339,-0.391610619,0.951874368,-0.825294763,-0.050721805,0.13393664,-2.21821778
31-11:00,2.026739404,0.764887636,-0.366384641,0.999983666,1.496001872,-0.843829836,-0.394094276,-0.611662892,-0.921746055,0.45046053,-1.356023472,-1.610349145,-1.31397687,1.059234298,0.616586863,-0.373953003,-0.612672211,0.867304227,-0.906685435,-0.67265827,0.378071321,-1.167853199
31-12:00,2.220993586,1.181614507,-0.57617983,0.980895209,1.260456843,-0.765257086,0.446933748,-0.062469279,-0.971944379,0.734351131,-1.354913189,-1.637734012,-1.160695741,1.002826235,0.537825667,-0.107067273,-0.846992616,0.868593939,-0.693444574,-0.546480918,0.413722734,-0.565038503
31-13:00,1.165992424,1.582105267,-1.334730346,0.505221567,-0.150740776,-0.740297367,0.682940521,0.429911201,-0.823637265,-0.020118998,-1.310501863,-1.530301073,-1.389907799,0.902761357,0.378792785,-0.105295124,-0.424721022,0.872429487,0.648016337,0.450058207,0.200589283,-0.643229415
31-14:00,1.618135779,1.412979102,-1.869786361,-0.354066572,-1.643856919,-0.690154074,0.75619304,1.348390174,-0.117840149,0.84235299,-1.216127796,-0.931344882,-0.237638205,0.948795524,0.538041451,0.962176909,-0.969113682,0.869017125,0.827159281,1.080508369,-0.173750561,-0.136850177
31-15:00,1.182738475,0.990163688,-1.026561045,-0.298507652,-2.423464594,-0.517114942,1.250745823,1.303886554,0.202370432,0.888639501,-1.185039868,-0.741055166,0.29937797,1.044970191,0.567172304,1.123584294,-0.851542448,0.983069264,0.902977436,1.133555249,0.402097273,-0.118233293
31-16:00,-1.06123225,0.555847695,-0.025858867,-0.145502356,-2.959342415,-0.694743081,0.862861287,0.571944032,0.525601586,-1.257511726,-1.185039868,-1.057736575,0.32279592,0.612724497,0.022533237,1.139817184,-0.758812156,0.969567597,0.913840163,1.557275389,0.338544753,-0.345173106
31-17:00,-0.927263848,-0.227544703,0.719775155,-0.287455396,-2.311734098,-0.377094274,0.845563734,0.373098069,0.453347101,0.888639501,-1.182819302,-1.005775546,0.182997854,1.350567896,0.970688571,1.483330663,0.281528443,0.840844991,0.911238018,0.616402744,1.162402422,0.533357638
31-18:00,-0.19043764,-0.915549944,1.672334033,-0.265430253,-0.791101013,-0.841591296,0.093775362,0.373098069,-0.030363176,-1.462715258,-1.185039868,-1.084419266,-0.450528662,0.818473447,0.957309957,0.743068332,-0.789448233,0.825469212,0.448418324,0.008219173,0.839214607,-0.637458181
31-19:00,-0.089961339,-1.541316756,0.295879278,-0.528382682,0.484607865,-0.926991592,-0.671379302,0.524599755,-0.235717239,-0.808532569,-1.185039868,-0.758609568,0.016056255,0.888065004,1.228982138,0.779149298,-1.168240039,0.814338734,0.153737693,-0.518320228,0.933768356,-1.905454133
31-20:00,0.077499162,-0.780249011,-0.372908123,-0.459122536,1.053248411,-1.183192479,-1.13526824,0.155314395,-0.650986131,-1.117109309,-1.185039868,-0.680668024,-0.399967178,0.691177091,0.78274062,0.154360235,-1.229512192,0.809166453,0.13689126,-1.159903686,1.158527268,-1.305990476
31-21:00,0.814325371,-0.182218891,0.147143882,-0.414427369,1.352164373,-1.193377835,-0.712788597,0.467786623,-1.158292762,-0.731388384,-1.185039868,-0.551467626,-0.79966901,0.716895709,0.80798736,-0.551593279,-1.034935666,0.816065066,0.169884493,-2.019568762,1.162402422,-2.38949311
31-22:00,0.713849069,-0.577297613,0.303055108,-0.5285315,1.104945135,-1.244640398,-0.156908124,0.231065238,-1.614623494,-0.541613689,-1.185039868,-0.935557939,-1.845493375,0.44133908,0.586592873,-1.361182102,-1.274221004,0.81949758,0.140027335,-1.478839866,1.549142758,-0.995088517
31-23:00,0.278451765,-0.988612447,0.692637468,-0.413772568,-0.353569916,-1.069362727,0.348390109,0.562475177,-1.062456878,-2.1971279,-1.185039868,-0.635026579,-1.122730277,0.654220084,0.609465988,-0.648919735,-0.912806462,0.825489364,0.150116784,0.034196863,0.650107108,-1.775135947
1-00:00,0.044007062,-1.192916855,1.159327389,-0.245121483,0.161301353,-1.005564341,0.690934088,-0.176095544,-0.504966876,-1.203510797,-1.185039868,-0.885001261,-0.261056156,0.835547152,1.014924311,0.029955334,-1.11585593,0.822056851,0.392398564,-0.861705999,0.078909458,-0.982056699
1-01:00,-0.558850744,-1.2138885,0.976669886,-0.448943348,0.501902556,-1.133049186,-0.088897288,-0.043531568,-0.7757268,-1.718833953,-1.185039868,-1.153232521,-1.201322337,0.665890718,0.826329008,-0.435269379,-0.587001068,0.822480037,0.679125469,-0.606731695,0.433098503,-1.570350225
1-02:00,0.261705714,-1.264626349,0.916523379,-0.389376249,0.437911028,-1.139876733,-0.841996081,0.30492231,-1.108094437,-1.57997442,-1.185039868,-0.20037959,-0.628292192,0.662216629,0.713042356,-0.590367912,0.287323577,0.905478343,0.979581144,-0.888120289,0.693508829,-0.267168363
1-03:00,0.177975464,-1.129325417,-0.152936301,-0.508579895,0.428742617,-1.197966842,-1.783140248,-0.57378747,-1.276857705,-0.81316122,-1.185039868,0.161241088,-0.784589269,0.706954058,0.724910481,-0.673091855,-1.697721622,0.936115707,0.986221523,-0.791413425,0.614455694,-1.261309955
1-04:00,-0.1435487,-0.408171448,-0.494453644,-0.013665009,0.178818522,-1.161590569,-1.843157517,0.505662044,-1.322570031,-1.626260931,-1.185039868,0.166858497,-0.754607196,0.763145999,0.785330029,-0.722003184,-0.937647403,0.871986148,1.041885329,-0.665017773,0.697383982,-0.769824224
1-05:00,1.199484525,0.133032282,-1.988383268,-0.597474167,0.091888402,-1.02940479,-0.835443977,0.874947405,-1.267048322,0.02925328,-1.143959392,0.098045242,-0.780686277,0.84224696,0.900342954,-0.480352865,-0.465523002,0.866464571,1.216449972,-0.823066913,0.571053973,-0.190839139
1-06:00,-1.496629555,1.323003982,-2.428065972,-1.374882348,-0.155120068,-1.39383908,-0.388852593,0.742383429,-1.242704302,-0.962820939,-1.137297693,0.173880258,-1.166905046,-0.001496633,0.254932712,-0.685000701,-1.757414764,-0.94347751,1.238322718,-0.203313447,0.725285089,0.849844662
1-07:00,-2.709043588,1.091639387,-1.26714707,-0.428336942,-0.810901502,-1.032874527,0.44640958,0.723445718,0.01602205,-0.015490347,0.675794674,-0.261468908,-0.732963333,-0.06654961,-0.300711345,-0.100758421,0.535716718,-1.838779074,2.756042119,0.853476454,-0.36285806,0.092137494
1-10:00,-2.812869099,-1.129325417,3.563752478,0.199627667,-0.833313174,-0.690154074,1.066893795,-0.498036627,1.353552444,-1.147966983,0.735749963,0.053105973,1.655844993,0.625691868,0.400155411,0.059727447,-2.748000226,-1.249045081,-1.31746837,0.828808564,-1.702886196,-0.471954084
1-11:00,-2.598519657,-2.296295958,3.563361069,0.076187654,-0.51198554,-1.177484202,0.569589128,-1.085105662,0.924900323,-0.422811644,0.648037595,-0.469313026,0.611617306,-0.330219482,0.118988729,0.70975192,-3.160325676,-1.217756144,-1.320874479,-0.409170269,-0.666670107,-0.074669785
1-12:00,-2.02245553,-2.370034966,0.765309061,-0.304033781,0.935686665,-1.611313228,0.021702222,-2.221368309,0.131626234,-1.441114887,0.619170234,-1.275411158,-0.504638319,-0.722482449,-0.107153007,-1.097911557,-2.223483575,-2.228231627,-1.337935712,-1.783586551,0.307543524,0.309955033
1-13:00,-0.709565196,-0.960199251,-0.361687733,-0.572800054,1.550192685,-1.490544002,-0.072910155,-2.495965115,-0.468450848,0.118740535,0.620280517,-1.396887619,-0.351179782,-0.825573047,-0.711132702,-0.043978748,-2.26901445,-1.890871325,-1.345447564,-2.487603786,0.855490252,0.777238816
1-14:00,1.249722675,-0.28369459,0.075646517,-0.4223842,1.533108762,-1.774055076,-0.411522871,-1.388109034,-1.50054455,-1.302255354,0.515913902,-2.1369812,-2.235437727,-1.16899225,-1.038045614,-1.84448274,-1.725460131,-1.177170537,-1.34753419,-3.092949457,1.10737524,-0.509187852
1-15:00,2.187501486,-0.526559763,-0.539909268,-0.575885558,0.35182398,-1.988171414,-0.739390138,-1.255545059,-1.685352739,0.495204158,0.514803619,-2.196666167,-3.236909915,-1.54634274,-1.195568006,-2.164532958,-1.062674175,-1.172965541,-0.90669771,-1.67945749,1.718099457,0.950375834
1-16:00,1.383691077,-0.131481041,-0.841033209,-0.612425469,-1.815000592,-1.870200363,-0.55684853,-1.189263071,-0.447157308,-0.607957688,0.514803619,-1.385652802,-1.005463117,-1.396353485,-1.153274323,-0.155765944,-1.1446444,-1.164904844,-0.163846723,-1.011459742,0.950044001,-0.080999525
1-17:00,0.579880668,0.110707628,-0.309369406,-0.433297559,-1.476062115,-1.689885977,-0.454111545,-1.037761385,0.101211163,0.345544439,0.548112113,-0.849190281,-0.642662298,-1.293911255,-1.00891476,0.492486379,-0.774952257,-1.18128821,-1.636396818,-1.131961297,0.374196167,0.488677117
1-18:00,1.015277973,-0.216044124,-0.301671697,-0.432067326,-0.41021969,-1.714845697,-0.271569937,-0.55484976,-0.09425875,-1.363970702,0.562545794,-0.813379302,-0.710432427,-1.418181892,-0.946337371,0.033570519,-1.090827786,-1.170460007,-1.636396818,-0.549318817,0.595079926,-0.955993062
1-19:00,0.814325371,-0.222132666,-0.920619693,-0.448288547,-0.752331397,-1.590830588,-0.326214482,-0.838915421,0.251806137,0.317772532,0.569207492,-0.227764456,-0.50729945,-1.441739283,-0.92260112,0.594349538,-1.093310252,-1.175457639,-1.452110955,0.049477858,0.330794446,0.092882169
1-20:00,0.479404367,0.325159606,-1.377654859,-0.126126183,-0.362106023,-1.512257839,-0.320841757,-0.005656147,0.473892975,-0.823961406,0.571428059,-0.206699174,-0.381871489,-1.252847915,-0.69732252,0.744911368,-0.642478086,-1.180495575,0.818941659,-0.348046292,0.106035534,-0.080999525
1-21:00,0.311943865,1.069314734,-1.582100793,-0.019542349,0.242599282,-1.515615649,-0.31284819,-0.176095544,0.196284427,-0.553956759,0.514803619,-0.765631329,-0.853778667,-1.267976514,-0.741342476,0.227372799,-0.679324398,-1.171292946,0.944304897,-0.769583433,0.30289334,-0.38445473
1-22:00,0.044007062,1.26617759,-1.557963909,-0.126483348,-0.105097779,-1.537217559,-0.379548605,-0.166626689,0.105009309,-0.823961406,0.513693335,-1.286645975,-1.027994024,-1.303204538,-0.76572608,-0.056596453,-2.087281635,-1.177681048,1.37432161,-0.491469338,0.500526176,-0.918759294
1-23:00,-0.458374443,0.94686739,-0.819375248,0.404630159,-0.727519311,-1.487186193,-0.306165045,0.799196562,0.53473807,-0.345667459,0.513693335,-1.281028567,-0.488494126,-1.271218357,-0.748463352,0.187747534,-1.568372917,-1.169902476,-0.200644979,0.188971505,0.315293831,0.184104899
2-00:00,-0.927263848,0.927925259,-0.734569979,0.483474219,-0.854471946,-1.190020026,-0.119561133,0.647694875,1.072444817,-1.178824657,0.401554738,-1.071077921,0.006121367,-1.195143115,-0.648123745,0.578116647,-1.241509423,-1.161579807,-1.636396818,0.886876342,0.007606631,-0.341635898
2-01:00,-1.195200651,0.494285771,0.018239873,0.50837652,0.073961406,-1.138757463,0.128370469,0.032219275,1.327997205,-1.996553019,0.408216437,0.074171255,1.047333106,-1.074546566,-0.29574831,1.217295565,-0.516629251,-1.186608269,0.644192902,0.459663403,-0.279929771,-1.179395667
2-02:00,-0.833485967,0.24600856,0.012368739,0.50178882,0.44192733,-1.227515568,0.033758092,-0.668476024,1.104400081,-0.183664671,0.306070388,-0.325366931,0.676194077,-1.211784574,-0.477438522,0.722511397,-0.993946484,-1.186897111,0.372201256,0.460536603,-0.026494722,0.196392043
2-03:00,-0.347850512,0.24600856,-0.039819119,0.572904236,0.615096719,-1.177484202,0.197691725,-0.374941507,1.089940212,-2.1971279,0.294967557,-0.215827463,0.956322436,-1.143273631,-0.455428544,1.092890663,-0.606470115,-1.177963172,0.291829347,-0.155724065,-0.102447733,-0.807057992
2-04:00,-0.046421609,0.34748426,-0.187380288,0.548210281,0.817293555,-0.949712771,0.152351168,-0.337066086,0.62143747,-0.623386525,0.192821508,-0.675050615,0.011443628,-1.240745035,-0.569578333,0.487028158,-0.575003837,-1.175464356,0.791109755,-0.56590961,0.113785841,-0.37980051
2-05:00,0.077499162,0.460460538,-0.850296554,0.4921553,0.613433993,-0.714106451,-0.132927424,-0.630600603,0.432816181,-1.055393961,0.172836412,-0.863233803,-0.436158556,-1.273379585,-0.689985861,0.304000547,-1.162851866,-1.173791762,1.392726875,-0.54124172,0.287392725,-1.123545015
2-06:00,0.817674581,1.052402117,-0.369385442,0.41708131,0.562568632,-0.69922016,-0.219546235,-0.649538314,0.398588012,-0.017033231,0.176167261,-0.598513423,-0.12391922,-1.291317781,-0.787088706,0.491564861,-0.965801014,-1.166846128,1.468876435,-0.720247652,0.24011585,-0.397486549
2-07:00,0.606674348,0.522022462,-1.409358983,0.492740653,0.241978687,-0.657135611,-0.064916589,-0.005656147,0.330131673,-0.85481908,0.079572628,-0.741055166,-0.159046145,-1.248309335,-0.875775971,0.57542298,-1.051905969,-1.177963172,1.498678358,-0.464400149,0.402097273,-1.123545015
2-08:00,0.656912499,1.655167771,-1.416795753,0.476946045,0.120447475,-0.592217955,0.008466972,0.600350598,0.446498477,-0.305552483,0.072910929,-0.648367924,0.052070224,-1.238583807,-0.879012732,0.682673474,-0.804758132,-1.205618079,1.497119526,0.005162974,0.243991004,-0.395624861
2-09:00,0.057403902,0.927925259,-0.960934813,0.213051099,-0.160951318,-0.397464987,0.168338301,0.070094696,0.889924487,-0.762246058,0.070690363,-0.47212173,0.498785364,-0.970159231,-0.744795022,1.227219603,-0.393262883,-1.181012803,1.452729635,0.543927171,0.015356938,-1.421415155
2-10:00,-1.620550326,0.234507981,-0.361035385,0.070443258,-0.547628763,-0.273226024,0.281689694,-0.886259698,1.089940212,-0.11269202,-0.000367758,-0.663113622,0.934501164,-0.817792624,-0.729258567,1.619431752,0.269107972,-1.171857195,0.96001596,1.254056803,-0.536464944,-0.223418686
2-11:00,-0.572247585,-0.531971801,0.602874353,0.113650239,-1.191923337,0.104527578,0.812279047,-0.943072831,1.432954619,0.024624629,-0.043668801,-0.495995716,1.097007546,-0.576383405,-0.426513475,1.81415555,-0.136592142,-1.173516355,-1.122332053,1.092733164,-0.646519308,-1.272480085
2-12:00,0.177975464,-0.977111868,-0.36286196,-0.050268416,-0.030052637,-0.414589817,0.240411441,-0.370207079,0.695979813,-0.407382807,-0.111396072,-0.844275049,-0.120193637,-1.049476316,-0.604751141,1.162358927,-0.883000587,-1.327220403,0.118553503,-0.952082165,-0.453536655,-1.737902179
2-13:00,0.981785872,0.139120824,-1.394094035,0.056454316,0.61384382,-0.559199492,0.023012642,-1.624830419,0.135424379,-0.589443084,-0.144704566,-1.224854481,-0.174480703,-1.192117395,-0.730769056,0.929711128,-1.639355176,-1.234045469,0.85073815,-1.476438567,-0.279929771,-0.955993062
2-14:00,1.383691077,1.249264974,-1.910623359,-0.020842031,0.858147433,-0.670790704,-0.160839386,-0.356003796,-0.419015143,-0.422811644,-0.144704566,-1.987417697,-1.177726978,-1.24031279,-0.775004796,-0.178307687,-1.667500647,-1.058140918,1.198320878,-2.249001976,0.149437255,-2.110239854
2-15:00,1.618135779,1.773556086,-1.676560816,-0.026655875,0.425194687,-0.751601993,-0.168832952,-0.20450211,-0.788646476,-0.217608112,-0.150255982,-2.844774683,-2.457376028,-1.39829859,-0.981294395,-1.074519182,-1.203425947,-0.791204236,1.285799587,-1.304854832,0.669482876,-0.429135251
2-16:00,0.981785872,1.492130147,-0.934449475,0.132093816,-0.714182376,-0.71746426,-0.06753743,-0.176095544,0.054048365,0.734351131,-0.154697115,-2.027441733,-0.223090691,-1.346861353,-0.942021689,-0.632686845,-0.256645842,-0.523380876,0.940542834,-0.16904036,0.086659765,-0.174083944
2-17:00,0.814325371,0.832538102,-0.977243519,0.002333976,-1.001424129,-0.586509678,-0.071599734,-0.251846387,0.785714739,-0.037090719,-0.144704566,-0.854105514,0.523090358,-1.264302425,-0.884407335,1.000951542,-0.613917514,-0.347818906,0.438942589,0.856750953,-0.461286963,-0.305146806
2-18:00,0.412420166,0.764887636,-1.037520495,-0.048829836,-0.638727407,-0.515995673,-0.038184006,-0.611662892,1.155361025,0.811495316,-0.150255982,-0.40049977,0.685596739,-1.105884379,-0.598277618,1.467097772,-0.337785865,-0.325759466,0.909267998,0.832737962,-0.627143539,-1.067694364
2-19:00,0.579880668,0.781800252,-1.547395868,-0.013807875,0.090846271,-0.300760065,0.155103052,-0.725289157,1.045065272,0.132626488,-0.197998157,-0.695413721,0.738819353,-0.725075923,-0.254317763,1.927785782,-0.806418535,-0.454105907,0.896895536,0.178493109,-0.761223856,-0.407725835
2-20:00,0.914801672,1.627431079,-1.769977082,0.00212563,0.523799017,-0.440780733,-0.064916589,-0.270784098,0.46780697,0.888639501,-0.149145699,-1.243813235,0.230720798,-0.943792244,-0.629782097,1.069498288,-0.882593625,-0.281882408,1.116181475,-0.467892947,-0.398509473,-1.19801255
2-21:00,0.278451765,1.451539867,-1.664688079,-0.055973126,0.301169387,-0.328070251,-0.027569598,-0.308659519,0.419881552,0.158855511,-0.150255982,-0.08943577,-0.034505229,-0.818008747,-0.740910908,0.788151818,-0.675067579,-0.30439862,0.891034573,0.07108955,-0.504688684,-0.273684272
2-22:00,0.311943865,1.678168929,-1.081097356,0.043467419,0.312433769,-0.367916261,0.061801096,-0.526443193,0.433578801,1.120072056,-0.146925133,0.411917947,0.34355274,-0.896461341,-0.814493286,1.019878099,-0.18792629,-0.192919187,0.47532352,0.516203082,-0.430285733,-1.458648923
2-23:00,-0.816739917,1.683580966,-0.315631949,0.128224534,0.003717092,-0.158500856,0.256398574,-0.391038561,1.042029747,0.271486021,-0.144704566,1.010171961,0.992336405,-0.751875156,-0.907496233,1.707826574,-0.528634621,-0.254267805,-1.636396818,0.953021217,-0.749598395,-1.588967109
3-00:00,-0.759803347,1.688993004,0.533073093,0.034210906,0.330056322,-0.016129721,0.501578292,0.448848912,1.026403518,0.282286207,-0.144704566,0.656977396,0.900793509,-0.453409505,-0.568715197,1.82209478,-0.274039385,-0.173237653,-1.636396818,0.920931129,-0.791450055,-0.123818358
3-01:00,-0.558850744,0.494285771,-0.53195062,0.120257782,-1.792694305,0.643120269,0.810837584,-0.119282412,1.244333331,1.058356708,-0.101403524,-0.371008375,0.789380837,-0.210919671,-0.590293607,1.713213909,-1.366536195,-0.186806493,-1.636396818,0.943416021,-0.891429019,1.017396616
3-02:00,-1.898534759,0.432047342,0.559297491,0.068726884,-2.455243736,0.241190436,0.159034314,-0.251846387,1.21391826,0.055482303,-0.099182958,-0.005174641,0.868682531,-0.631062485,-0.989494191,1.510338222,-0.723618109,-0.40029404,-1.636396818,1.152547342,-0.930955587,-0.196424205
3-03:00,-1.463137454,-0.531971801,0.770788786,-0.33719055,-1.326393366,0.358489925,0.14173676,-0.526443193,1.092228071,1.289789263,-0.102513807,-0.359071382,0.600795374,-0.381224474,-0.279564503,1.633892492,-0.236777972,-1.030062826,-1.636396818,0.293755466,-0.835626806,1.091864151
3-04:00,-1.496629555,-0.988612447,0.634317537,0.027315647,0.105436105,0.029424565,-0.43419315,-1.823676382,0.255604282,0.435031693,-0.101403524,-1.035266941,0.286781951,-0.72788552,-0.578857049,0.165205791,-0.611345516,-1.220530367,-1.636396818,-0.627033587,-0.481437762,0.436549843
3-05:00,0.010514962,-0.619917407,-0.915792316,-0.144282044,0.615518255,-0.045118812,0.483625528,-2.01305349,0.146833769,1.798940884,-0.102513807,-0.381541017,-0.207833542,-0.767436001,-0.781909887,0.526724309,-1.061013772,-1.146607063,-0.692904506,-1.15117169,-0.710071828,1.601966766
3-06:00,1.283214776,0.578848854,-0.506509039,0.094135169,1.289214976,-0.225209344,0.344851973,-1.217669637,-0.597752281,0.157312627,-0.095852108,-0.730522525,-0.946740833,-1.023109329,-0.804567218,-0.406418784,-1.034105464,-1.281831964,-1.636396818,-2.006907367,-0.508563837,0.695324527
3-07:00,1.986548883,1.328416019,-1.545308353,-0.042301663,1.159768252,-0.454435826,0.217741163,-0.725289157,-0.922882508,1.660081351,-0.088080126,-0.780377026,-1.353716422,-1.165534285,-0.91418554,-0.921192799,-1.415802978,-0.969520277,-0.042135079,-1.546076241,-0.355107752,2.655682386
3-08:00,0.881309571,1.599017884,-1.810161733,-0.079456691,0.340946006,-0.395226447,0.22704515,0.373098069,-0.689012446,-0.088005881,-0.092521259,-0.810570597,-1.196177484,-1.167047145,-1.033082579,-0.849243525,-0.737389693,-1.014398205,1.144344783,-0.038933609,-0.279154741,-0.516634605
3-09:00,1.216230575,1.435303756,-1.517387849,0.111140167,0.132332453,-0.13454848,0.552291575,-0.08140699,0.272337057,1.505792981,0.00962479,-0.019218163,0.652243901,-0.824492433,-0.697538304,0.690825362,-0.243403309,-0.89267497,0.854457254,-0.532509723,-0.812375884,2.860468107
3-10:00,-0.498564964,0.990163688,-0.850427024,0.098014372,-0.853628874,-0.065041817,0.692244508,-0.032168942,0.790275504,1.042927871,0.022948188,0.489157315,0.802863899,-0.862313931,-0.93835336,1.125356444,-0.227255068,-0.147665094,-1.628246704,1.317800379,-0.851902452,2.097175873
3-11:00,-0.294263152,0.719561823,-0.439317172,0.087170461,-0.457197551,0.171683774,0.966908693,-1.056699095,1.251256722,0.348630206,0.082903477,0.951189171,1.364362477,-0.484963441,-0.648986882,1.426763647,-0.200761862,-0.490647731,-1.636396818,1.201228223,-0.968157062,0.08469074
3-12:00,-0.398088663,0.319071064,0.115570228,0.129018233,0.212166714,0.065912765,0.880158841,-0.810508855,0.682282564,1.660081351,-0.686522739,1.111285316,1.4218429,-0.467889736,-0.244175911,1.489568629,-0.415621359,-1.032984828,-1.616825497,0.245947784,-0.76509901,1.836539501
3-13:00,-0.351199722,-0.131481041,-0.42535692,0.005568298,0.370793106,-0.183460576,0.7056108,-1.378640179,0.101211163,0.069368256,-1.088445235,0.889397677,0.98328856,-0.703031393,-0.612735153,0.854926415,-1.240890841,-1.724370921,-1.636396818,-0.533164623,-0.544215251,0.528517249
3-14:00,-0.699517566,0.240596523,-0.441013278,0.154565415,0.638854965,-0.021837998,0.88959387,-1.549079576,-0.025802411,0.317772532,-0.886373704,0.586057613,0.829830023,-0.656997227,-0.78471508,0.662825398,1.049050061,-1.995082697,0.147232331,0.353787943,-0.772849317,1.575903128
3-15:00,0.208118354,0.375897455,-0.191163907,0.033129491,1.096608087,-0.09470247,0.846874154,-1.549079576,0.140762718,0.635606574,0.017396772,0.434387581,0.451772055,-0.805041376,-0.836503264,0.137205827,0.836266069,-1.955827105,-0.930031093,-0.468547847,-1.395974026,1.286969093
3-16:00,-0.267469471,0.054557741,0.443701386,0.241902052,0.973624917,-0.208532222,0.69486535,-1.179794216,-0.111754144,1.505792981,0.016286489,0.128238813,0.101744663,-0.836379189,-0.753210602,0.011879408,0.207013756,-1.307881449,-1.628246704,-0.280373318,-1.360322612,1.203565453
3-17:00,-0.17369159,-0.312107786,0.580694513,0.606338801,0.434573867,-0.216479039,0.657649401,-1.359702468,0.022108054,0.785266293,0.017396772,0.418939707,0.340004565,-0.746255962,-0.792914876,-0.15037861,0.381714273,-1.402917061,-0.88027121,-0.060108701,-1.596706986,1.270213897
3-18:00,-0.424882343,0.065381816,0.188894169,0.464524658,0.194239719,0.608982536,0.760255344,-1.728987828,-0.03873704,0.857781827,0.100668007,0.395767897,0.869569575,-0.64208475,-0.703796043,-0.212120302,0.626786606,-1.8290525,1.455571128,0.225427591,-1.766438716,1.724838198
3-19:00,0.877960361,0.29674641,-0.071784182,0.472352513,0.948613773,0.846939324,0.614929685,-1.4165156,-0.01668088,0.347087322,0.116211971,0.491263843,0.355261715,-0.832488978,-0.756015795,0.162512124,0.85282127,-2.079914811,1.197670341,-0.565036411,-1.596706986,0.664606669
3-20:00,1.052119283,0.741886477,-0.582311903,0.43948346,0.979467877,0.848058594,0.566968287,-0.176095544,-0.249414489,0.348630206,0.117322255,0.126834461,-0.07424478,-0.861665562,-0.803488297,-0.261244289,0.769198781,-1.864076227,0.75182596,-0.496490236,-1.313045738,2.153026525
3-21:00,0.981785872,0.584260891,-0.458887619,0.473562904,0.743911139,0.775194121,0.622923252,-1.443975281,0.123267323,1.3052181,0.326055485,-0.064157431,0.179272271,-0.907267483,-0.73573209,0.062421114,0.745188041,-1.168518723,-0.761664956,-0.317702604,-1.872617927,1.799305733
3-22:00,0.311943865,0.651911357,-0.224564136,0.519865311,0.323452256,0.760195904,0.553601995,-0.583256326,0.262452907,0.820752618,0.346040581,0.026423282,0.242429773,-1.004090518,-0.83520856,0.114664084,0.607748938,-1.174624701,-1.568176435,0.617057644,-1.868742773,1.11755545
3-23:00,0.345435965,0.471284613,-0.033556576,0.508019355,0.253641187,0.900440426,0.676257376,-0.876790843,0.603179455,0.796066479,0.344930298,-0.076796601,0.744141615,-0.735665943,-0.389182826,0.368932109,-0.129144743,-1.176290578,-0.442748782,0.2029427,-1.923769955,1.873773268
4-00:00,0.914801672,0.291334373,-0.425878799,0.602171882,0.667051049,0.774074851,0.601563394,-0.980948252,0.526364206,-0.177493136,0.343820015,0.117003996,0.625100368,-0.9055385,-0.574972936,0.363544774,0.376741201,-1.173785045,0.690546676,0.170197712,-1.849367005,0.35370471
4-01:00,0.110991263,0.724973861,-1.499774447,0.44004897,0.795607863,0.783140938,0.668263809,-1.29342048,0.551470845,1.444077633,0.344930298,0.432281053,0.8578606,-0.839404909,-0.707680157,0.604273576,-0.064559922,-1.039131109,1.910768502,0.462719602,-2.022198858,1.017396616
4-02:00,0.981785872,1.711994162,-1.346211675,0.509815099,0.877737154,0.805974044,0.684250942,0.553006321,0.408472162,0.044682117,0.346040581,0.691384024,0.999610162,-0.675151546,-0.621798085,0.639433024,0.110962657,-1.018321078,2.067130405,0.156226517,-2.168679666,0.269928733
4-03:00,1.216230575,1.599017884,-1.150898616,0.537296922,1.000732033,0.656775362,0.642972689,0.571944032,0.197794714,1.351504611,0.343820015,0.837436647,0.789380837,-0.898406446,-0.647260609,0.354542254,0.528261179,-0.455583701,2.034658828,0.200104801,-2.057850272,1.668987547
4-04:00,-0.960755949,1.407567064,-0.892438249,0.540888409,0.288242279,0.786610674,0.664201505,0.429911201,0.518752961,0.448917647,0.343820015,0.866928042,0.866908444,-0.946169595,-1.042792864,0.324770141,0.735250037,-0.352259006,1.780403499,1.223713115,-2.227582002,0.171259249
4-05:00,-0.860279648,1.210027703,-0.952323816,0.553805858,-2.261395657,1.174773487,1.08681219,-0.583256326,1.396453544,1.197216241,0.441524931,1.232059601,1.464243582,-0.644894347,-1.068255388,1.128971629,0.44878156,-0.277737867,1.7439121,1.546142093,-2.121402792,1.259416105
4-06:00,-0.927263848,1.095021911,-0.865039624,0.524498528,-1.200073036,1.336507992,1.194790858,-0.08140699,1.293783989,0.35017309,0.454848329,1.22503784,1.384941888,-0.47350893,-0.915696029,1.047807177,0.56416334,-0.311814461,0.949957197,1.268682898,-1.87649308,0.005941322
4-07:00,-0.960755949,-0.176806853,0.589566449,0.57799383,-1.068752818,1.153171577,1.072135478,-0.412816929,1.169805941,1.197216241,0.351591997,1.21239867,1.37766813,-0.533807204,-0.70940643,0.932404795,0.602784005,-0.173237653,-1.166599202,0.674033922,-1.789689638,0.924312197
4-08:00,-1.161708551,-0.729511162,1.171200127,0.516194454,-0.664359146,0.981251716,0.816210309,-1.086999433,1.007801577,1.15092973,0.343820015,1.476416874,1.271222902,-0.863610668,-0.893470267,1.137123517,0.385433903,-1.183525053,-1.636396818,0.901065836,-1.651734168,1.650370663
4-09:00,-0.692819146,-0.661860696,1.128406083,0.480745879,-0.397620443,0.969835162,0.849494996,-1.880489515,0.897804891,0.711207876,0.346040581,1.656173949,1.381038896,-0.733288591,-0.745010806,0.968414875,0.323754788,-1.631155683,-1.636396818,0.332612851,-1.733112395,0.823408687
4-10:00,-0.207183691,-0.655772154,1.511204022,0.600088422,0.858147433,0.845820054,0.597632132,-1.956240358,-0.099582135,1.089214382,0.349371431,1.553656242,0.781220036,-0.826869784,-0.197350761,-0.295553105,0.284841111,-1.535132636,-1.636396818,-0.799053922,-1.407599487,1.92962392
4-11:00,0.278451765,-0.841810936,0.072515245,0.627223002,0.763922396,0.60215499,0.193760463,-2.761093066,-0.449445167,0.522976064,0.351591997,1.448329831,0.256090244,-1.186498201,-0.654597268,-0.465041492,-0.585348803,-1.275396842,-1.422235386,-1.246132154,-1.076661364,0.913142067
4-12:00,0.74734117,0.291334373,-1.219003771,0.530838197,0.941108088,0.719454478,0.261640257,-2.48649626,-0.352846663,0.101768814,0.530347583,1.203972558,-0.129241482,-1.117987258,-0.704659179,-0.820251158,-0.722380945,-1.412072669,0.916957827,-1.3889003,0.559428512,-0.285785247
4-13:00,1.048770073,1.475894035,-1.147767345,0.4374,0.970709292,0.711395735,0.157723893,-0.564318615,-0.317093254,-0.669673036,0.56476636,1.07477216,-0.101388314,-1.127928909,-0.751700113,-0.724696852,-0.700852672,-1.396790931,0.929532815,-1.690154186,1.91185714,-0.578070321
4-14:00,1.149246374,1.31691544,-1.374914997,0.286468243,0.826883503,0.613571543,0.128370469,0.079563552,-0.441833923,-0.191379089,0.568097209,1.134457126,-0.01640954,-1.281592253,-0.929290427,-0.732777854,-0.132229513,-1.152598847,1.148119121,-1.324065224,2.23892011,-0.509187852
4-15:00,-0.592342845,1.433274242,-2.032221069,-0.414705164,-0.743362045,0.284506183,0.324278368,-0.119282412,0.486050031,0.252971417,0.763507042,1.449032007,0.357922846,-1.26538304,-1.151979618,0.01818826,1.076373469,-1.027013195,1.607722957,0.979872107,1.411187287,0.314609254
4-16:00,-0.927263848,1.548280034,-1.159640082,0.422835626,-0.661174206,0.357706436,0.686347615,-0.043531568,1.578988828,-0.253094437,0.784602421,2.111886221,1.504870178,-0.805041376,-0.712643191,1.301862544,1.15668329,-0.791835657,1.021528455,1.090768465,0.39822212,-0.30440213
4-17:00,-0.793295447,1.31691544,-0.488895637,0.542108721,-0.291861709,0.277678636,0.60824654,0.39203578,1.492274475,0.297715044,0.79126412,2.212297399,1.368620286,-0.898838692,-0.466001965,0.833235304,-0.16805842,0.024188956,-1.255421944,0.212766196,0.961669462,-0.101478097
4-18:00,-1.697582157,0.73647444,0.637579278,0.560840014,-1.575544645,0.074978852,0.344327805,1.272639331,1.379032916,-0.037090719,0.787933271,2.65747703,1.625153286,-1.25630588,-0.944395314,0.07043123,-0.899563928,-0.20401608,-1.636396818,0.517949481,1.208129235,-0.341635898
4-19:00,-2.143027092,-0.227544703,1.377472635,0.62062538,-2.554421822,0.269619893,0.54822927,0.448848912,1.617777762,0.316229648,0.789043554,2.113290573,1.331541865,-1.055527756,-0.897785949,1.435482623,-0.51579905,-1.163097905,-1.636396818,0.989259003,0.799688039,0.311816722
4-20:00,-1.05118462,-0.734923199,1.704820975,0.67674981,-0.20702756,0.333418279,0.600252973,-0.706351446,1.455025733,0.117197651,0.785712705,1.386538337,1.235918568,-0.87592967,-0.521242695,-0.419958007,-0.093958835,-1.696830208,-1.636396818,0.259918978,0.70513429,0.105169312
4-21:00,-0.759803347,-0.920961981,0.706467251,0.427210891,0.776439678,0.166087424,0.443002486,-2.448620838,0.899046017,0.789894944,0.782381855,1.295255447,0.83444265,-0.909428711,-0.345162869,0.704364585,-0.207802299,-1.589421427,-1.301714346,-0.790976825,0.953919155,1.245267273
4-22:00,-0.006231088,-0.379758252,0.205333344,0.592627653,1.871204166,0.087514675,0.325719831,-2.941001319,0.157495493,-0.191379089,0.786822988,1.170268106,0.663952876,-1.081462497,-0.831108662,-0.986620562,-0.105956066,-1.823107736,0.102689011,-0.933308372,1.087999472,-0.341635898
4-23:00,0.596626718,0.149944898,-0.053518432,0.600455508,1.674850289,0.174034241,0.425704932,-2.571715958,-0.218221845,0.4628036,0.787933271,1.07126128,0.350826497,-0.932553856,-0.711348487,-0.49297057,-0.176336021,-1.415914934,-0.258260394,-1.691027386,1.316633538,0.947397133
5-00:00,1.67172314,0.381309493,-0.300367,0.552654995,1.3409117,0.122771678,0.364377242,-2.155086321,-0.371104678,0.99664136,0.783492138,1.017193722,-0.555199802,-0.991123147,-0.848802958,-1.059136924,-0.120859003,-1.048024744,-0.715992404,-1.287390838,1.099624933,2.443449911
5-01:00,1.246373465,0.567348275,-0.293452109,0.602747313,0.722237155,0.158028681,0.424263469,-1.738456684,-0.008307016,0.538404901,0.782381855,1.320533786,0.196480916,-0.967133511,-0.904043688,-0.49474272,0.166439675,-0.857013106,-0.7112484,-0.494307237,1.170152729,0.631654785
5-02:00,1.584643679,0.601173508,-0.681729773,0.470011102,0.628433654,0.225296803,0.465672764,-1.492266444,0.339268157,0.07091114,0.913395266,1.365473054,1.051945732,-0.902728903,-0.754721091,0.189519683,0.730879268,-0.853560441,-0.326646479,0.067378451,-0.031919937,0.207562173
5-03:00,0.439213846,0.864333821,-0.770449131,0.453978385,0.928602516,0.27308963,0.432257036,-1.122981083,0.64044315,0.314686765,1.006659049,1.202568205,0.949048679,-0.864907405,-0.497938012,0.439251005,1.141780352,-0.887610166,-0.370704965,-0.101367385,-0.09857258,0.385539581
5-04:00,-0.009580298,0.939425839,-0.770188192,0.548567445,0.67763629,0.432809449,0.506164765,-1.085105662,0.892960013,0.441203228,1.044408676,1.307894616,0.967144367,-0.932986102,-0.659991871,0.506876234,1.485386251,-0.74859002,-0.395836529,0.476254197,-0.245053388,0.646920629
5-05:00,-0.15694554,1.018576884,-0.691775935,0.542654389,0.528377367,0.508807877,0.581644999,-0.668476024,1.010837103,0.07091114,1.124349062,1.557869299,1.078911857,-0.766355387,-0.618992892,0.686288659,1.66972362,-0.683553633,-0.399033976,0.684730618,-0.374483521,0.209982368
5-06:00,-0.907168588,0.934690306,-0.487330002,0.61990113,0.243641413,0.671549725,0.712293946,-0.507505483,1.153940459,0.641778109,1.124349062,1.828207087,1.358330581,-0.64511047,-0.819240536,1.284708136,1.556596408,-0.452030277,-0.359780866,0.912417432,-0.155924854,0.566868029
5-07:00,-0.223929741,0.798712869,-0.369646382,0.514547529,0.65678196,0.803623577,0.807037364,-0.223439821,1.150785306,0.134169372,1.199848316,1.883678997,1.211613575,-0.482369966,-0.870165584,0.476253488,1.481243381,-0.396505513,-0.585351231,0.816583768,-0.189251176,0.33769419
5-08:00,-1.262184852,0.601173508,-0.000417286,0.635983453,0.249062836,0.8526476,0.598942553,-0.43175464,1.232938894,0.441203228,1.237597942,1.989707584,1.301027566,-0.414939638,-0.957989713,0.685367141,1.893340932,-0.516750953,-0.383212444,0.874651546,-0.079196812,0.576176471
5-09:00,-1.195200651,0.651911357,-0.067348214,0.592597889,0.554266712,0.74284722,0.684250942,-0.32759723,1.223877177,-0.010861696,1.237597942,1.500993037,1.268916589,-0.383817948,-0.700343497,0.476607918,1.500818238,-0.487195066,-0.337681047,0.541089272,-0.129573809,0.040382557
5-10:00,-0.491866544,0.285245831,-0.12018842,0.4679078,1.009900444,0.682966279,0.444443949,-0.602194037,1.032893263,0.472060902,1.238708226,1.07828304,0.852538339,-0.682931968,-0.651144723,0.045266706,1.179041765,-0.534276251,-0.192157323,0.389370829,0.192838976,0.32484854
5-11:00,0.546388568,0.640410778,3.846871607,0.71513507,1.428392158,0.617377061,0.411421346,-1.321827046,0.981184652,0.165027046,1.237597942,1.077580864,1.092572328,-0.629117379,-0.500743205,0.306694215,2.857327378,-0.642477667,-0.497620898,-0.047665606,0.444723964,0.789898296
5-12:00,0.291848605,0.77571171,-0.34824936,0.539310933,0.998636062,-0.025195807,0.340265501,-0.100344701,1.134052532,0.109483232,1.521830426,1.349323005,1.148456073,-0.67018072,-1.083791843,0.490643343,1.632763359,-0.269099487,-0.397131465,0.543053972,-1.060385719,0.170514574
5-13:00,0.345435965,0.601173508,-0.445971124,0.585603418,0.933602403,-0.084405187,0.153661589,0.051156986,0.892960013,0.502918576,1.561800619,1.236272657,1.074476639,-0.705624867,-0.588998902,0.021803445,1.617860422,-0.11641646,-0.396965762,0.04249226,-0.544215251,0.423518024
5-14:00,-0.645930205,0.731062403,-0.742659097,0.48059706,-0.44820478,0.049907205,0.021702222,-0.062469279,1.109723466,-0.081834346,1.61176336,1.199759501,0.947274592,-0.844159612,-1.034593068,0.640283655,1.636076027,-0.114992404,-0.435660393,0.729918701,-0.441911194,0.459262441
5-15:00,-0.508612594,0.934013801,-0.727133209,0.566663779,-0.229322138,0.277678636,0.17777333,0.098501262,1.32419906,0.425774391,1.740556205,1.001745848,1.097894589,-0.651594155,-1.033514148,0.651129211,0.893948819,-0.115449177,0.03527873,0.78624008,-0.827876499,1.0360135
5-16:00,-0.615787315,0.990163688,-0.553608581,0.513059343,0.211745178,0.259434536,0.260329836,0.562475177,1.28008674,0.239085463,1.783857247,0.536905288,1.016641398,-0.628901256,-0.848587174,0.542035682,1.079010581,-0.126996124,0.015676724,0.638887635,-0.650394461,0.290221137
5-17:00,-0.588993635,0.775035206,-0.501812132,0.630387876,-0.020884225,0.220707797,0.4287189,0.155314395,1.352341224,0.163484162,1.782746964,0.382426552,0.811911743,-0.680338494,-0.868007743,0.665589952,1.140128088,-0.060038605,0.077103299,0.938395122,-0.697671336,0.15357321
5-18:00,-1.597105856,0.821037523,-0.779712476,0.516918704,-0.170752033,0.236041795,0.668919019,0.619288309,1.519668973,0.003024257,1.780526398,0.993319736,0.960757654,-0.763113544,-1.10731231,0.679979806,1.135993357,-0.215851869,0.697334346,1.233100011,-0.753473549,0.428730752
5-19:00,-0.893771748,1.001664267,-0.659680403,0.491440971,0.365933731,0.373264288,0.966908693,1.215826199,1.59319449,0.286914858,1.780526398,1.467990761,1.440825632,-0.572925439,-1.039771886,1.101609639,1.049050061,-0.253985681,0.192100918,1.036193486,-0.689145998,0.082829052
5-20:00,-1.463137454,0.860274793,-1.077574676,0.498187411,0.610202216,0.242309706,0.869544433,0.742383429,1.36741418,0.239085463,1.781636681,1.683558816,1.243192326,-0.722698572,-1.044303352,0.607463445,1.321616725,-0.251997376,0.140591952,0.860898652,-0.404709719,0.290221137
5-21:00,-1.295676953,1.294590786,-0.97685211,0.523804041,0.179228349,0.308346632,0.848184575,1.329452464,1.480880038,-0.160521415,1.778305831,1.135159302,1.251353126,-0.735665943,-1.18995762,0.654744396,0.786584185,-0.297157428,0.143329113,1.068501873,-0.414010088,0.116339442
5-22:00,-1.932026859,1.210027703,-0.731960586,0.560840014,0.7472483,0.396545103,0.968743282,0.827603128,1.603332847,0.277657556,1.776085265,1.09794397,1.291979722,-0.685741565,-1.300007511,0.743068332,0.610231404,-0.179726514,0.13961001,1.12962585,-0.611642925,-0.020680822
5-23:00,-1.262184852,0.990163688,0.51193701,0.547634849,1.084524051,0.279917176,0.924188977,1.196888488,1.460334164,1.042927871,1.617314776,1.376005696,1.153778334,-0.688983408,-1.164926664,0.756607555,0.602784005,-0.178107658,-1.010206613,1.133336949,-0.504688684,-0.192700828
6-00:00,-1.764566358,-0.137569583,0.688984318,0.661461186,-0.204100226,0.355020189,0.91357457,1.177950777,1.631011458,0.431945926,1.557359487,1.598595511,1.370039556,-0.686606057,-1.282744783,1.261528419,0.180105449,-0.440906516,-0.968983484,1.467117523,-0.463612055,0.209423861
6-01:00,-1.597105856,-0.19371947,2.720135753,0.588113491,0.042065172,0.471200408,0.884221145,0.524599755,1.610166518,1.197216241,1.560690336,1.546634481,1.366846199,-0.619175728,-1.408978481,1.247989196,1.751164795,-0.820739971,-0.925225717,1.257549602,-0.540340097,1.724838198
6-02:00,-1.362661153,-1.608967222,2.770888445,0.481757845,0.753501086,0.450717768,0.936244848,-0.308659519,1.393418018,0.876296432,1.485191083,1.28753151,1.026576286,-0.61247592,-1.230525031,0.897245347,1.442329703,-0.901743254,-1.632481326,0.582347957,-0.627143539,1.214177077
6-03:00,-0.726311246,-1.704354379,0.083213756,0.348555335,1.472231917,0.274208899,0.544298008,-2.268712586,0.417608646,0.99664136,1.448551739,0.725790651,0.326344095,-0.673422563,-0.491248705,-0.17561402,1.123572886,-1.245733478,-1.636396818,-0.639258383,-0.213277128,2.07855899
6-04:00,0.311943865,0.065381816,-0.9545418,0.531274732,0.928602516,0.179742517,0.214989279,-2.372869995,0.272337057,0.830009921,1.449662022,0.587461965,-0.055262048,-0.736098188,-0.912027699,-0.869800461,0.9530071,-1.363775662,-1.628246704,-1.418807389,-0.217152282,1.255134221
6-05:00,0.881309571,1.193115087,-0.784539853,0.497681428,0.946529511,0.025954829,0.05511795,0.079563552,-0.843405565,1.197216241,1.447441456,0.185115075,-1.037041868,-0.850427174,-1.12996964,-1.110529262,1.114465083,-0.873322582,-1.636396818,-1.929847496,0.815963685,2.190260292
6-06:00,1.825786802,0.990163688,-1.038825191,0.572318884,0.142964531,-0.11294657,-0.132927424,1.23476391,-0.822874645,-0.128120857,1.449662022,0.350828628,-1.121843233,-0.980749251,-1.410057402,-1.466660446,1.822374952,-0.283481113,-0.283502427,-0.855157001,0.24011585,-0.103712124
6-07:00,-0.264120261,1.31691544,-0.908616485,0.560978911,-0.720013626,0.156909411,0.14042634,-0.005656147,0.527126825,-0.345667459,1.556249204,0.595185902,0.097132037,-0.909644834,-1.527443952,-0.101679939,2.0094878,-0.33394779,0.263647627,1.159532939,-0.382233828,0.570591406
6-08:00,-0.451676023,1.170790433,-0.810242373,0.547208236,-0.704170893,0.438181945,0.530931717,0.856009694,1.661127462,-0.103434718,1.568462318,0.796008259,0.977079255,-0.746255962,-1.475655768,0.973873096,1.857975961,-0.215213731,-0.033629012,1.426513738,-0.950331355,0.431709453
6-09:00,-0.518660224,1.057814154,-0.602404228,0.586754281,-0.474258055,0.571375066,0.846874154,0.505662044,1.532588649,-0.037090719,1.461875137,0.665403509,1.298189027,-0.547855189,-1.178521063,0.888242827,2.091458025,-0.171800163,0.070561114,1.039031384,-0.906929634,4.387052575
6-10:00,-1.489931135,0.883275952,-0.708867459,0.602171882,-1.810199764,0.406282751,0.61899199,1.310514753,1.725008083,-0.151264113,1.380824467,0.360659093,0.965192872,-0.789480531,-1.322664841,0.873852972,1.825679481,-0.17180688,0.087585524,1.267809698,-0.792225085,0.158227431
6-11:00,-1.0779783,1.001664267,-0.891264023,0.502483306,-2.286816628,0.478027954,0.801533597,0.931760537,1.664925608,0.194341836,1.397478715,0.063638614,1.048220149,-0.589350776,-1.131264345,0.948637686,1.656774099,-0.243345561,0.093642876,0.804140673,-0.938705894,-0.332327456
6-12:00,-1.854995029,1.103139967,-0.7267418,0.560334031,-1.536306656,0.371025749,0.781615202,0.600350598,1.534113888,-0.151264113,1.574013734,-0.001663761,0.719836621,-0.646407207,-0.999851828,0.647514026,1.4249443,-0.297083538,0.099111062,0.581911357,-0.891429019,0.158227431
6-13:00,-0.629184155,0.984751651,-0.641806061,0.512543439,-1.799368627,0.319763186,0.704300379,0.373098069,1.406337694,0.734351131,1.566241752,0.126834461,0.524864445,-0.746039839,-1.067392251,0.322076473,1.313998403,-0.296082669,0.111931535,0.611818446,-0.918555095,-0.60227227
6-14:00,-1.09472435,0.860274793,-0.311848329,0.665618183,-2.192287149,0.355020189,0.802844018,0.505662044,1.397978784,-0.151264113,1.457434004,0.192839012,0.601682418,-0.723130818,-1.179599983,0.654744396,1.366992954,-0.357746997,-0.17693723,0.854349654,-0.930955587,0.158227431
6-15:00,-0.930613059,0.680324553,-0.364166657,0.618611369,-1.851053642,0.240071167,0.826955759,0.88441626,1.434479859,-0.037090719,1.450772305,0.55445969,0.896713108,-0.779106635,-1.222109451,0.93601998,0.899190486,-0.433396634,-0.399733609,0.799992975,-0.745723241,-0.509187852
6-16:00,-0.866978068,0.40566366,-0.184901364,0.48268052,-1.483778569,0.161498417,0.850936459,0.979104814,1.477066939,0.050853652,1.452992872,0.889397677,0.930065946,-0.831408364,-1.23419336,0.911706088,1.387007331,-0.435391656,-0.459902072,0.804140673,-0.930955587,0.234928992
6-17:00,-0.418183923,-0.272870515,0.732952589,0.600882121,-0.517406963,0.180861787,0.810837584,-0.157157833,1.375160004,-0.839390243,1.451882588,0.863417162,1.078024813,-0.773271318,-1.071492149,0.789073336,1.771862866,-0.456006888,-0.519401587,0.586932255,-0.721697289,-0.296955377
6-18:00,-1.288978532,-0.255957899,0.674371718,0.615307598,0.270526051,0.048787935,0.626985556,-0.838915421,1.272475496,-0.823961406,1.456323721,0.055914677,0.672823312,-0.95870472,-1.271092441,0.347311884,1.320631878,-0.60828688,0.205252796,0.514893282,-0.930955587,-1.024875531
6-19:00,-0.16699317,-0.216044124,0.621922921,0.544122732,1.296041519,0.016888742,0.573651433,-0.687413735,0.986582804,0.168112813,1.359729088,-0.374519256,0.28145969,-0.983342725,-0.650281586,-0.052485066,1.471313515,-0.700272862,0.081957772,-0.081065493,-1.148739222,0.217242952
6-20:00,0.512896467,-0.227544703,0.660802875,0.63893006,1.027405903,-0.262033325,0.268323403,-1.29342048,0.401638491,-0.191379089,1.350846823,-0.572532909,-0.180690008,-1.210487837,-0.851608151,-0.676919698,0.774993916,-0.814600407,-0.617117037,-1.365978809,-0.745723241,0.252242694
6-21:00,0.867912731,-0.188307432,-0.119927481,0.675172333,0.680961742,-0.205174412,0.101768928,-1.492266444,0.401623537,0.535319134,1.347515973,-0.242510154,-0.244734554,-1.13938342,-0.915480245,-0.774246154,0.228533891,-0.695187905,-0.374964136,-1.113842404,-0.650394461,0.726042385
6-22:00,1.517659478,0.499697808,-0.943451881,0.472134246,0.983636401,-0.226776322,0.169648722,-1.094574517,0.379582331,0.580062761,1.34973654,0.072064727,-1.247271193,-1.146731597,-1.044303352,-0.316251812,0.210326425,-0.678871712,0.262113344,-0.757358638,-0.319456339,-0.211317712
6-23:00,1.6583263,1.130876658,-1.328859212,0.519071612,0.930265241,-0.199466136,0.214989279,-0.289721809,0.404674016,0.299257928,1.387486166,0.725790651,-0.668031744,-1.102858659,-0.95626344,-0.254935436,0.023205437,-0.682230336,-0.011443272,-0.796434323,-0.39463432,0.560165951
7-00:00,1.202833735,1.587517304,-1.37021809,0.466538669,0.093972664,-0.11630438,0.419021787,1.755550956,0.430543275,0.040053466,1.431897492,0.796710435,-0.377436272,-1.071736969,-0.986041646,-0.165689982,0.207428857,-0.570535951,0.966944785,-0.153541066,-0.390759166,-0.127541735
7-01:00,-0.056469239,1.587517304,-1.35912817,0.207524971,-0.696044613,-0.003593898,0.600252973,1.215826199,0.989558516,0.33783002,1.531822974,0.73140806,0.198255003,-1.015977275,-1.114433185,0.587119167,0.536123679,-0.51868552,1.26814919,1.20908702,-0.343482291,-0.074483616
7-02:00,-0.749755717,1.345328636,-1.514908926,0.007939474,-1.177766748,0.128479954,0.804285481,1.490423005,1.602570227,-0.191379089,1.554028637,1.013682842,1.17364811,-1.052718159,-1.395168299,1.078500808,-0.093958835,-0.518188444,1.094879482,1.817488891,-0.780599624,-0.229934595
7-03:00,-1.198549861,1.339916598,-0.328157035,-0.032896332,-1.039151614,0.287863993,1.046844358,0.865478549,1.953943546,0.388745182,1.554028637,1.558571475,1.424504031,-0.88803255,-1.477813609,1.343543502,-0.035584249,-0.351970164,0.138284389,1.881887367,-1.044885104,-0.265306674
7-04:00,-1.607153486,0.122208207,0.51180654,0.095206662,-1.049362156,0.322001726,1.128090443,0.903353971,2.071072969,-0.114234904,1.552918354,1.109880964,1.291092678,-0.781483986,-1.497449962,1.519340742,-1.051499007,-0.1552623,-1.40124025,2.158036762,-1.139438854,-0.993226829
7-05:00,-2.374122584,-0.475821914,2.434015821,-0.004839078,-1.046446531,0.353900919,1.154823026,-0.062469279,1.831490737,0.214399324,1.494073348,0.340295987,1.225096637,-0.746255962,-1.443503937,1.255219566,-0.322060865,-0.69886224,-1.275085321,1.967242634,-1.585081525,-0.069829395
7-06:00,-2.069344471,-1.822742695,2.28371479,0.104681442,-0.715224507,0.501980331,1.256118548,-0.251846387,1.860395521,-0.191379089,1.439669474,1.071963456,1.439938589,-0.510249814,-1.273897635,1.637436792,-0.237600035,-1.346868351,-1.116575422,1.540029696,-0.969707123,0.105169312
7-07:00,-0.846882808,-1.665117109,1.983373667,0.087527626,-0.415055646,-0.036612361,0.776242477,-2.287650297,0.864817848,0.74206555,1.446331173,0.232160872,0.736158223,-0.864042914,-0.582525379,-0.427188377,0.39661721,-1.910250583,-1.367142333,0.277164672,-0.493063223,0.795483362
7-08:00,-0.213882111,-1.495990943,1.497374239,-0.001386488,0.130868786,-0.379332814,0.388357941,-1.823676382,0.302767081,-0.530813503,1.411912395,0.189328131,0.39588831,-1.211136205,-0.744579238,0.070502116,0.799004656,-1.119899288,-1.384295623,0.012366872,-0.007893984,-0.494294345
7-09:00,0.78753169,-1.247713733,0.407952703,-0.517618141,0.499408467,-0.658254881,-0.056923022,-2.429683127,-0.776489419,0.282286207,1.426346076,-0.208103526,-1.323024714,-1.584596484,-0.853550208,-1.998588869,0.25255277,-0.520962667,-1.369382387,-0.906239182,0.405972427,0.226923732
7-10:00,1.621484989,-0.856694038,0.287085624,-1.096583751,0.22196743,-0.644599788,-0.219546235,-2.543309392,-0.748347255,-0.191379089,1.44522089,-0.421565053,-2.36884908,-1.441955405,-1.098465162,-1.488351557,-0.092217039,-0.528559874,-1.370732556,-0.318139204,0.626856186,-0.565038503
7-11:00,1.206182945,-0.396670868,0.116901019,-1.027916895,0.287211857,-0.648741086,-0.296598973,-1.76686325,-0.498880872,0.205142022,1.44522089,0.209691237,-0.789734122,-1.403701662,-0.929506211,-0.593061579,0.683753104,-0.521466461,-1.38198806,-0.418993766,-0.287680079,0.143706262
7-12:00,1.209532155,-0.184248405,0.235798006,-1.084928284,-0.379201655,-0.573526147,-0.195827619,-1.369171323,-0.361968194,-0.283952111,1.448551739,0.180902018,-2.045787813,-1.322007226,-1.036966693,-1.114144448,0.481069901,-0.519343811,-1.396821514,0.099031939,-0.595367279,-1.123545015
7-13:00,1.092309804,-0.073978145,0.508688316,-12.23747457,-0.458251391,-0.442123857,-0.040673805,-0.725289157,0.031080052,-0.456755086,1.524050992,0.738429821,-0.769509528,-0.933850593,-0.764862943,-0.274783512,0.829640732,-0.522400158,-1.138890041,0.4677405,-1.457201454,-1.041258389
7-14:00,0.332039125,-0.329020402,-0.393052636,0.561205115,-0.592569199,-0.351462993,0.075560514,-1.094574517,0.439051719,-1.394828376,1.620645626,0.942763058,-0.303989064,-1.198384957,-0.746089727,0.045479364,1.46138365,-0.519390831,-0.387858255,0.760698989,-1.702886196,-1.04907748
7-15:00,-0.518660224,-0.332402925,-0.393052636,0.561205115,-0.69255523,-0.126601663,0.199002146,-1.236607348,0.697340566,-0.109606253,1.729453373,1.03896118,-0.230364448,-1.160563459,-1.060702944,0.242542399,1.620049876,-0.529829433,-0.390055349,0.830336663,-1.774189024,0.432640297
7-16:00,-0.371294982,0.088382974,-0.059050345,-0.709683342,-0.888581246,-0.017248991,0.298987248,-0.611662892,0.880384263,-0.376525133,1.781636681,1.260146643,0.07194,-1.144786491,-1.189741836,0.352699218,1.269289591,-0.521970254,-0.540077592,0.987294304,-2.081876224,-1.775135947
7-17:00,-0.17369159,-0.261369936,0.427953699,-1.101952132,-0.950980304,-0.024076537,0.248405008,-0.680785536,0.603942075,-0.731388384,1.814945175,1.317022905,0.013217715,-1.099616816,-0.952810894,0.177823496,0.359852291,-0.412438823,-1.636396818,0.737559198,-1.888893572,-0.378869665
7-18:00,-0.223929741,-0.559031987,0.396497468,-0.010842417,-1.448884744,-0.052505994,0.269633823,-0.630600603,0.649714214,0.055482303,1.879341597,1.598595511,0.109195829,-1.168343882,-1.046245409,-0.980949684,-0.359314139,-0.530635503,-1.618261586,0.790387778,-1.634683492,-0.196424205
7-19:00,0.060753112,-0.926374018,0.875164502,-0.389723493,-0.925126087,0.050802621,0.304884141,-0.649538314,0.905894642,-1.070822798,1.878231314,1.391453569,0.225398537,-1.089026797,-1.040203455,0.26706895,0.561452975,-0.391991523,-1.636396818,0.819421667,-1.936170447,-1.253863202
7-20:00,-0.210532901,-1.100912221,1.644804938,-0.009928672,-0.679159748,0.105646848,0.101768928,-0.138220122,0.748451044,0.263771602,1.876010748,1.310703321,0.010556585,-0.955246755,-0.836719049,0.245448725,-1.382684435,-0.512216811,-1.101232586,0.297903164,-1.868742773,0.226923732
7-21:00,0.549737778,-1.349189432,0.513111237,-0.461334971,-0.185599473,0.520448285,0.175938741,-0.43175464,0.28389598,-0.499955829,1.335302859,1.018598074,-0.076551094,-0.422071692,-0.987552134,-0.311573337,-1.743260636,-0.349095183,-0.046701107,0.247475883,-1.499828144,-0.062382642
7-22:00,1.283214776,-0.892548785,-0.64232794,-0.556807022,-0.177004819,0.85488614,0.328340672,-0.706351446,-0.301123099,-0.688187641,0.696890053,0.948380467,-0.465785811,0.148924868,-0.414645349,-0.749010744,-1.924586489,-0.350787929,-0.235835306,-0.537530621,-1.364197766,-0.415358757
7-23:00,1.417183177,-0.024593304,-1.086707551,-0.426541198,-0.158855347,0.968715892,0.996131075,-0.232908676,-0.74253041,-0.499955829,0.173946695,0.793901731,-0.360227626,0.196688018,-0.76205775,-0.83045874,-1.407517237,-0.351285005,0.911244156,-1.182388578,-1.302970338,0.198253731
8-00:00,1.852580482,0.505109846,-1.194736417,-0.647298612,-0.302493787,1.082657571,1.169499738,0.39203578,-1.027466089,-0.898019824,0.018507055,0.504605188,-1.213918355,0.443068063,-0.41680319,-1.328716321,-0.633370283,0.038778817,1.418312587,-0.720684252,-0.73332275,-0.59110214
8-01:00,0.854515891,-0.526559763,-0.200557722,-0.707093899,-1.153387908,1.120153114,1.258739389,1.878646076,-0.647187986,-3.446863697,0.018507055,0.587461965,-0.520959921,0.376718349,-0.345594437,-0.692231071,-1.193496082,0.383494504,0.9044258,0.352914743,-0.599242433,-0.360252782
8-02:00,-0.15694554,0.178358094,-0.70860652,-0.385278779,-1.726196978,1.229505786,1.416120919,2.07749204,0.035805303,-1.356256283,0.018507055,0.868332394,0.836216737,0.389037351,-0.141031111,0.223757614,-1.353285522,0.540053383,1.365619153,0.431502714,0.228490389,-0.66314948
8-03:00,-0.923914638,0.026144545,-0.55047731,-0.395031354,-1.726618514,1.169177137,1.224144282,2.058554329,0.743127659,-3.89429997,0.099557724,0.946976115,0.967144367,0.312313741,-0.266185889,0.598815355,-1.046525935,0.511041592,1.349846719,0.536286674,0.279642418,-0.360252782
8-04:00,-1.496629555,-0.605034304,1.05221181,-0.266571195,-0.900747247,1.362698908,1.281409668,0.69125161,0.564390521,-2.459418129,0.064028664,0.339593811,-0.260169112,0.656381312,0.056627124,-0.46773516,-0.646620956,0.702818997,0.476857803,0.230885089,-0.197001483,-0.395624861
8-05:00,-0.759803347,-1.135413959,1.28379543,-0.300521663,-0.718936367,1.336507992,0.994558571,2.039616618,0.418371266,-1.132538146,0.025168754,0.66891439,0.654905032,0.628501465,-0.052775414,0.011028776,-1.007612258,0.575130847,-0.019311078,0.503978286,0.287392725,-0.723095846
8-06:00,-1.228692752,-0.10374435,1.854469658,-0.710804441,-0.446951881,1.407133925,1.0015038,0.278409515,0.216052728,-3.12285812,-0.141373717,1.012980666,1.006706511,0.889577864,0.044974783,0.242684171,-1.203841048,0.561810546,0.233054014,0.445037308,0.307543524,-1.086311248
8-07:00,-0.994248049,0.350866783,0.861726128,-1.482031693,0.51295617,1.745265371,1.045533937,1.641924692,-0.331822283,-1.646318419,-0.370092044,0.878865036,0.266734767,1.379096111,0.732678709,-0.435269379,-2.025594382,0.653494252,0.235907781,-0.220122541,0.786512517,-1.305990476
8-08:00,0.278451765,0.419193754,-2.59E-05,-1.402016927,0.292832339,1.300131719,0.152351168,2.408901978,-0.809192349,-2.1971279,-0.423385634,0.660488277,-0.482107413,0.749962505,0.635791648,-1.197081049,-3.104018456,0.52844598,0.252662157,-1.401779995,1.320508691,-1.961304784
8-09:00,-1.570312176,0.122208207,-0.219997699,-1.349702252,-3.035172083,1.199845133,0.560285141,1.294417699,-0.143694455,-2.96856975,-0.461135261,1.330364251,0.965192872,0.428371709,0.377498081,0.414015595,-0.596947212,0.544950256,1.468894846,1.106267759,-1.541679804,-2.09162297
8-10:00,-1.02439094,-1.02243768,0.64058008,-1.379049267,-3.035172083,1.55733995,1.010807788,1.291577042,0.238183654,-1.541402327,-0.468907243,1.648450012,1.270868085,0.812205885,0.607739715,0.802187243,-0.65200099,0.446032075,0.854991184,2.413229366,-1.862542527,-0.722723508
8-11:00,-1.362661153,-1.665117109,1.396390734,-1.47406494,-3.035172083,2.656127242,1.268174419,1.23476391,0.30631102,-2.1971279,-0.526641966,0.871141099,0.905406135,0.874449265,0.729873516,0.850389712,-1.345838123,0.542511895,-0.0315117,2.980590852,-1.923769955,-0.323019014
8-12:00,-1.463137454,-2.206320838,-0.121923667,-0.65046547,-3.035172083,2.230245033,0.364377242,1.206357343,0.019835148,-0.609500572,-0.603251503,0.204073829,0.388614553,1.01687422,1.342053007,0.406785224,-0.660797874,0.356800164,0.983098949,1.637173159,-1.813715591,-0.284482065
8-13:00,-1.295676953,-0.391800035,-0.537978318,-0.484742143,-3.035172083,1.895583323,0.020391801,0.979104814,-0.887532839,-2.104554878,-0.639890847,-0.873064268,-1.331185515,0.610131023,0.787056302,-0.827481528,-1.378305527,-0.168716946,1.317264674,0.216695595,-0.42641058,-2.292685315
8-14:00,-1.513375605,-0.826927833,-0.282036015,-0.347182226,-3.035172083,0.808425245,0.69206105,1.471485294,-1.383415126,-0.634186711,-0.64100113,-1.554877235,-2.063883501,0.82171529,0.595224237,-1.439652886,-0.081123263,0.561832713,1.380090516,-0.378826581,0.358695552,-0.508815514
8-15:00,-0.944009899,-2.065607869,-0.304202808,-0.522031107,-2.547981687,0.628345906,0.945024667,1.566173848,-1.878534793,-0.962820939,-0.709838684,-1.565409877,-2.86523866,0.811427842,0.571725349,-2.387185833,-0.318740058,0.168367948,0.930103569,0.904580465,0.508276484,-1.682051528
8-16:00,-1.155010131,-1.783505425,0.425305166,-0.435996136,-0.549543239,0.840111777,0.320347106,0.022750419,-1.150929743,-0.296295181,-0.898919903,-0.455129069,-1.121452934,0.703928339,0.277374259,-1.024898994,0.128348061,0.475722307,0.7475852,0.867884249,0.813483586,-0.240918557
8-17:00,-0.458374443,-0.10374435,-0.241264251,-0.219494932,1.115787981,1.107617291,-0.354126443,-0.138220122,-0.46149755,-0.499955829,-0.747588311,-1.358970111,0.507478391,0.833169801,0.307799817,-3.242283458,-0.451222368,0.515743665,0.094545034,0.077201947,-2.203556049,-0.509187852
8-18:00,0.509547257,0.189858673,0.13683678,0.568013067,1.124546566,0.624876169,-0.475471403,0.685570297,-1.854968347,0.510632995,-0.808653884,-1.071077921,-1.967373161,0.47699935,0.219112552,-1.766933474,-0.573343433,0.829754816,-0.751195006,-0.370531184,0.015356938,-0.356157067
8-19:00,1.192786105,-0.126069004,0.514285464,0.565284728,-0.462993673,0.863952227,0.372370809,0.780258851,-1.734025824,-0.499955829,-0.866388607,-1.660203646,-2.00338713,0.633040045,0.364766819,-1.156534266,-0.101821335,0.880275231,-0.809553014,0.833829462,-0.153599762,-0.658122922
8-20:00,-0.324406042,-0.024593304,-0.035252681,0.405394094,-0.225996687,1.059824465,0.527000455,0.58520043,-0.486708862,-0.345667459,-0.869719457,-0.529700168,0.192932742,0.759255787,0.576235237,0.410400409,-1.081711844,1.006727408,0.39829635,1.68650894,-0.366733213,-1.533116458
8-21:00,-0.893771748,0.212183327,1.350987297,0.585891134,0.310138739,1.264762789,0.369618925,0.335222647,-0.279829559,0.077082675,-0.866388607,0.026423282,0.880391507,1.214842748,1.019671562,1.009032544,0.475274767,0.890431709,0.883571818,1.297061887,-0.138099147,-0.054935888
8-22:00,0.579880668,-0.740335236,-0.804762648,0.198486725,0.475228686,1.443510197,1.129531906,1.60404927,-0.446394688,-0.114234904,-0.866388607,-0.565511148,-0.047101247,1.306262712,1.069517689,0.184132349,-1.721732362,0.826738772,0.666673224,0.629500739,0.457124455,-1.179395667
8-23:00,0.412420166,0.758799094,-0.004853254,0.684498295,-0.555965811,1.096312665,0.565657866,1.054855657,-0.466925608,-0.756074524,-0.86749889,-0.738246462,-0.00115239,0.819554061,0.848986339,-0.301861957,-0.81635654,0.82718211,1.38027463,1.34159507,0.685758522,-0.596687205
9-00:00,-0.860279648,0.403634146,-0.550607779,0.613948388,-0.267061332,1.448099204,1.160195751,1.72714439,-0.215186319,-0.191379089,-0.86749889,-0.882894733,0.281282281,1.402653502,1.147631533,0.594349538,-1.188107909,0.812195932,1.389922204,0.206435498,0.374196167,-0.676739805
9-01:00,-0.12345344,0.854862756,-1.287891744,0.319486115,0.472722887,1.22491678,1.20946757,0.837071983,-0.82819803,-0.064862626,-0.868609173,-0.976284151,-0.908065733,0.868397825,0.756846528,-0.425345341,-1.294642342,0.821190326,1.378052987,0.70634231,1.060098365,-0.790302796
9-02:00,-0.692819146,1.36630028,-0.331810185,0.593351903,-1.069794949,1.257935243,1.126780022,1.859708366,0.200845193,-0.037090719,-0.86749889,0.022912402,0.214576605,0.93712489,0.914153137,1.002723691,-0.750526416,0.82505946,1.374082261,1.536536897,0.307543524,0.067935545
9-03:00,-0.056469239,0.629586703,-1.164989338,0.610356901,0.427079891,1.547490374,1.701399512,1.585111559,-0.064591346,-0.373439366,-0.868609173,-0.100670587,0.398549441,1.307775572,1.075991212,0.61866343,-1.589673292,0.971851461,1.352915286,0.754149992,0.243991004,-0.784717731
9-04:00,-1.429645354,0.69723717,-0.423399875,0.570384243,-0.997044837,1.321733629,0.740205907,1.471485294,0.206168578,-0.191379089,-0.915241065,-0.210912231,0.900261282,0.869046193,0.667943479,0.220213314,-0.136592142,1.001689473,1.313171205,1.720782027,0.200589283,-0.267168363
9-05:00,-1.697582157,0.737827449,-0.341725878,0.716772074,-0.756909748,1.479998397,0.628295977,1.72714439,0.627777681,-0.766874709,-0.921902764,0.435791933,1.309720593,1.129906469,1.008666573,1.432221868,-0.574816635,1.015076946,1.249424793,1.459477026,-0.3210064,-0.639319869
9-06:00,-1.463137454,0.133032282,0.300445715,0.675737844,0.100436218,1.449218474,0.481659897,1.23476391,0.013749144,-0.191379089,-0.958542108,0.527776999,1.125038122,1.227593996,1.083759439,0.850389712,0.46036369,0.996638103,0.668115451,1.113035057,-0.016419322,-0.658122922
9-07:00,-0.930613059,-0.255957899,0.753044914,0.660598038,0.319728687,1.589910705,0.405655495,0.452636454,0.088276534,0.132626488,-1.041813343,0.625379473,1.018592894,1.435720297,1.340326734,0.859392232,0.131668868,0.999170505,-0.936352342,0.579291758,0.141686947,0.161019963
9-08:00,-1.215295912,-0.244457319,0.726559576,0.509735729,-0.474937197,1.304608799,0.144357602,0.193189816,-0.063006293,0.132626488,-1.089555518,0.630294705,1.032608183,1.056640824,1.038228994,0.878885877,0.158992276,0.994555756,-0.721239654,0.742798396,0.374196167,0.161019963
9-09:00,-0.1100566,-0.334432439,0.830022005,0.626290405,0.417829514,1.358109902,0.148419906,1.054855657,-0.368816818,0.425774391,-1.089555518,-0.375221432,0.782107079,1.190420866,1.181293852,0.835928971,-0.5601009,1.005457848,-0.810522681,-0.152012966,0.689633675,-0.434720317
9-10:00,0.248308874,-0.329020402,-0.235784526,0.464673477,0.209871684,1.269351796,-0.290177912,1.102199934,-0.677603057,0.459717832,-1.087334952,-0.665922326,-0.160820232,1.090355988,1.009313925,0.172365275,-0.658211225,0.245408055,-0.733059774,0.187225106,0.965544616,-0.458549928
9-11:00,1.189436895,0.43745938,0.075776987,0.470983383,-0.023589082,1.312555615,-0.358188748,0.553006321,-0.657072136,1.474935307,-1.087334952,-1.083014914,-0.424272172,1.186962901,0.94220507,-0.00704715,-0.056697422,1.012598282,-0.925544848,-0.002040923,0.922142895,-0.509187852
9-12:00,-0.19043764,0.325159606,-0.122667344,0.450744062,-0.089255046,1.335388722,-0.230160642,0.903353971,-0.84113266,0.163484162,-1.086224669,-1.048608286,-0.587665597,1.056424701,0.815755587,-0.098064754,-0.293492154,1.004201723,-0.592095941,-0.404367671,1.060098365,-0.375146289
9-13:00,0.010514962,-0.131481041,0.586826586,0.635765185,-0.036094655,2.027657175,-0.28624665,0.259471804,-0.86013834,1.351504611,-1.084004103,-0.967858038,-0.107597618,1.007148692,0.742820562,0.157975421,0.033965504,1.000419913,-0.761579036,0.125446229,0.945393817,-0.174083944
9-14:00,0.857865101,0.488197229,-0.37747456,0.491579868,-0.923463361,2.721044898,-0.187571969,0.63822602,-0.358170048,0.097140163,-1.085114386,-0.602024304,0.24420386,1.125367889,0.950836434,0.728678477,-0.216495001,1.003368785,-0.675990564,0.458135304,0.681883368,-0.727005391
9-15:00,0.211467564,0.731062403,-0.280144205,0.779950503,-0.07486427,3.76733843,0.036378934,0.524599755,-0.087410125,-0.071034161,-1.086224669,-0.103479291,-1.343426716,1.186314532,1.017945289,-0.591218544,-0.538572626,1.000016878,0.731892548,0.040964161,0.030857553,-0.665569675
9-16:00,0.412420166,0.093795011,0.313753619,0.638632422,0.111688891,3.199197013,0.0443725,1.490423005,-0.590903657,-0.654244199,-1.084004103,-0.457376032,0.479802632,1.073066161,0.795471882,0.844080859,0.413172412,1.000856534,0.414105607,0.545236971,0.870990867,-0.881525527
9-17:00,-0.645930205,-0.137569583,1.312890161,0.153335182,-0.183679142,1.994638712,0.206995713,0.447902026,-0.057742721,-0.253094437,-1.084004103,-1.974076351,0.127823744,1.190853112,0.965293969,0.335615696,1.150896294,0.989914139,-0.110926216,0.356189242,0.393571935,0.522187508
9-18:00,-0.043072399,-1.017025643,0.992717652,-0.417929565,-0.229743674,1.869392407,0.193760463,0.524599755,5.19E-05,0.107940349,-1.086224669,-1.229067537,0.334504895,1.199498026,1.02851871,0.445559857,0.620169409,1.007110291,-0.570634383,0.135924625,0.362570706,0.624580369
9-19:00,-0.257421841,-1.203064425,0.925917194,-0.489550965,0.443332451,4.723754587,-0.583450071,-0.393879218,-0.341437274,0.734351131,-1.086224669,-1.878580405,0.151419103,1.181127584,0.911779512,0.220142428,0.258347905,0.943847258,-1.479936721,0.185478706,0.665607722,0.403039452
9-20:00,0.817674581,-1.208476462,0.46796874,-0.445917371,0.358498302,1.869392407,-1.236694804,-0.337066086,-0.651748751,0.513718762,-1.145069675,-1.962139358,-0.065196936,1.046699173,0.926884399,-0.087290084,0.096889922,0.99791438,-1.632481326,-0.901436584,0.933768356,0.190806977
9-21:00,1.256421095,-0.847899478,0.215901385,-0.402640941,0.688467427,0.800265768,-2.027140588,0.28787837,-1.316484026,-0.222236763,-1.186150151,-2.204390103,-1.021784719,0.424265375,0.857186135,-1.026671143,-0.576241001,1.00462491,-1.636396818,-1.299615634,1.505741037,1.203565453
9-22:00,1.735358131,-0.621946921,-0.235393117,-0.467496059,-0.127603125,-0.071869364,-1.775146681,-0.176095544,-1.428290065,0.513718762,-1.185039868,-2.279522943,-1.519770977,0.585493019,0.798924428,-1.265627795,-0.381672614,1.008809755,-1.628565835,-1.274511143,1.536742266,0.190806977
9-23:00,0.888007991,-0.306695748,0.249171145,-0.307674874,-0.261639909,-0.484096479,-1.131336977,-0.08140699,-1.387975891,-0.191379089,-1.147290241,-2.442427792,-1.37731178,0.526491481,0.697721685,-1.349485914,0.052417148,1.004215158,-0.566497955,-0.848171404,1.490240422,2.004091455
10-00:00,0.687055389,-0.575268099,-0.512119234,-0.559813156,-0.542628876,-0.246139692,-0.910006916,-0.119282412,-1.105043958,-0.395039738,-1.091776084,-2.07799841,-1.29322005,0.548968258,0.646149285,-0.95188643,-0.194551627,1.001689473,-0.489771504,-0.476843244,1.178678067,0.378837503
10-01:00,1.420532387,-0.362845635,-0.251179944,-0.554644192,-0.259766415,0.268836404,-0.659192389,-0.062469279,-0.887517885,-0.607957688,-1.087334952,-1.534514129,-0.490268213,0.586141387,0.656722706,-0.396494746,-0.51207942,1.001763363,0.214354166,-0.537312321,0.997320876,1.445584942
10-02:00,0.579880668,-0.58406266,0.053205738,-0.51993971,-0.554712912,0.52582078,-0.022196873,0.647694875,-0.708033081,-1.084708752,-1.087334952,-1.302796025,-0.655258317,0.75947191,0.706353049,-0.19184691,0.043000054,0.993722818,0.639172726,-0.198510849,1.036847443,0.58920829
10-03:00,0.891357201,-0.628035463,-0.033295637,-0.664164712,-0.065098683,0.618048623,0.527000455,0.28787837,-0.820048466,-0.762246058,-1.087334952,-1.290156856,-0.165432859,0.957008192,0.73591547,-0.110966003,-0.15605305,0.996241785,0.237546396,-0.358306389,1.019796767,0.942929081
10-04:00,0.204769144,-1.157738613,0.929831283,-0.415568311,0.148585013,0.548653887,0.155103052,0.247162292,-0.641101981,-1.024536287,-1.02293853,-1.16236081,-0.165432859,0.924805888,0.836686645,-0.3244037,0.80894266,1.002959033,0.479772942,-0.799708822,1.020571798,1.817922617
10-05:00,0.482753577,-1.146238033,0.928396117,-0.401351181,0.110154968,0.501980331,-0.328835323,-0.195033255,-0.789827789,-0.965906707,-1.02293853,-1.147615113,-0.66448357,0.947066541,0.856322998,-0.728241151,0.631759678,1.110555897,0.484885175,-0.710860756,1.087999472,0.604101797
10-06:00,0.529642517,-1.205093939,0.948097033,-0.464172445,-0.036094655,0.356139458,-1.2326325,-0.100344701,-0.880684214,-1.441114887,-1.02293853,-1.054927871,-0.495590475,0.969327194,0.845965361,-0.427188377,0.847783085,1.175263138,0.561433649,-0.902528083,1.079474134,1.724838198
10-07:00,0.918150882,-1.191563846,0.730734605,-0.473171005,0.131489381,0.324240265,-1.772787924,0.056838299,-1.175773203,-1.147966983,-1.02293853,-0.999455961,-1.134439252,0.93107345,0.680458957,-1.12768367,0.804970714,1.167316635,-0.358393874,-1.072802019,1.418937594,0.347188801
10-08:00,1.001881133,-1.059645437,0.485973551,-0.40471448,0.027475337,0.366436742,-1.64987046,-0.138220122,-1.228259387,0.061653838,-1.02293853,-1.009286426,-1.127342903,0.991155602,0.697721685,-1.172767156,0.510875776,1.161701016,-0.785501585,-0.987446751,1.470089623,0.390007634
10-09:00,1.115754274,-0.830310356,0.976408946,-0.292564832,-0.17840994,0.2995044,-1.739503238,0.335222647,-1.274375453,-0.70053071,-1.02293853,-1.027543004,-1.119182102,0.950740629,0.681537877,-1.204240533,0.077022052,1.168626498,-0.018746461,-0.707586257,1.427462933,0.793994011
10-10:00,0.988484292,-1.101588726,0.613442394,-0.501595346,-0.024631213,0.419825918,-1.535732814,0.41097349,-1.225208908,-0.806989686,-0.947439276,-0.902555663,-0.98293221,0.965436983,0.705921481,-0.876605515,0.531647101,1.165973185,0.935424464,-1.054028226,1.412737349,0.687877774
10-11:00,0.77413485,-0.864812094,0.470839072,-0.46566063,-0.391707228,0.380091835,-1.027420614,0.098501262,-1.130763684,-1.42568605,-0.919682198,-1.055630047,-1.201677154,0.965653106,0.765693676,-1.091602705,0.191280617,1.166651627,1.061536433,-0.791413425,1.357710167,0.626442057
10-12:00,0.285150185,-1.03393826,0.675154536,-0.492001511,-0.354412988,0.370130333,-1.244819413,0.486724334,-0.896863716,-0.806989686,-0.857506342,-0.936260115,-0.599551981,1.106132956,0.8427286,-0.541314811,0.435530887,1.163729625,1.054920602,-0.939639069,1.126751008,0.687877774
10-13:00,1.038722443,-1.253802275,0.999893483,-0.481733032,0.300338024,0.425646121,-1.167373548,0.193189816,-1.079952273,-0.762246058,-0.800881902,-1.101973668,-0.908065733,0.987049268,0.709374026,-1.215156975,0.802317324,1.17774852,1.06014944,-1.185444777,1.217429604,0.831227778
10-14:00,0.188023094,-0.93246256,0.835110321,-0.452376096,-0.347516189,0.330060469,-1.489868089,0.184667847,-0.949888219,-0.885676754,-0.803102468,-0.801442308,-0.742898221,0.987049268,0.769362006,-0.694003221,0.569657323,1.156340653,0.952344543,-0.67396807,1.182553221,0.179636847
10-15:00,0.439213846,-1.118501342,0.906999095,-0.398622841,0.033107529,0.380091835,-1.272600332,-0.157157833,-1.064744737,-0.806989686,-0.803102468,-0.696115897,-0.771815842,1.167295722,0.820718622,-0.765243634,0.673155821,1.167027793,1.062751585,-1.001636246,1.241455557,0.687877774
10-16:00,1.065516123,-1.129325417,0.808233574,-0.547758855,0.207787422,-1.079548083,-1.71119815,0.28787837,-1.180348922,-1.147966983,-0.804212751,-0.64555922,-1.006350161,1.023141783,0.780151211,-0.985202843,1.23700125,1.253472046,0.705797454,-0.96365206,1.328258999,0.700909592
10-17:00,1.038722443,-1.169239192,0.293661294,-0.478726897,-0.334390022,-1.236693582,-1.692590176,-0.157157833,-1.007697788,-0.90882001,-0.806433318,-0.62940917,-0.681514806,1.026599749,0.841649679,-0.674155145,0.451264027,1.305154545,0.208750963,-1.106420206,1.186428375,0.952237523
10-18:00,0.261705714,-0.740335236,1.000545831,-0.17499819,-0.09466476,-1.281128598,-1.98180003,0.231065238,-1.087548564,-0.669673036,-0.764242558,-0.590789486,-1.138164835,0.968678826,0.800866485,-1.004200286,0.789066651,1.286883633,-0.290394428,-0.925449575,1.241455557,1.371117407
10-19:00,0.80427774,-1.03393826,0.574953849,0.077259147,0.059793108,-1.137638193,-1.347294314,0.26894066,-1.064744737,0.075539791,-0.755360293,-0.364688791,-0.887308914,1.08819476,0.833449884,-0.904109277,0.51252804,1.289731746,-0.698832977,-1.318826026,1.178678067,0.112616066
10-20:00,0.255007294,-0.537383838,0.084387983,0.088103058,-0.186805535,-1.178603472,-1.605840323,0.051156986,-1.222173382,-0.70053071,-0.746478028,-0.548658922,-1.089377439,0.953117981,0.762672699,-1.163764636,0.470301695,1.30150708,0.771814606,-0.527488825,1.229830096,0.198253731
10-21:00,0.479404367,-0.137569583,0.072776185,0.453184686,-0.331673455,-0.980492694,-1.088617262,0.41097349,-0.848743904,-0.46292662,-0.752029444,-0.680668024,-0.50729945,1.382121831,1.212798331,-0.670610846,0.638376875,1.292566424,1.067569236,-0.764125936,0.988795538,0.430964778
10-22:00,0.255007294,-0.030005342,0.330845143,0.494099862,0.147332114,-0.858716126,-0.662075315,0.893885115,-1.006935168,-0.453669318,-0.712059251,-0.572532909,-0.884470375,1.503150625,1.518348616,-1.123146967,0.901672952,1.374207846,0.774662236,-0.165329261,1.131401193,1.110481035
10-23:00,-0.076564499,0.080264918,0.264305624,0.566068505,-0.443825488,-0.783501186,-0.595505942,0.429911201,-0.704982601,-0.219150996,-0.703176986,-0.26287326,-0.102275357,1.591328747,1.738664182,-0.410955487,0.900167194,1.46267399,0.193162642,0.240053686,0.953919155,0.620856992
11-00:00,-0.16699317,-0.046917958,0.397515131,0.544192181,-0.375243899,-0.784620456,-0.659454473,0.979104814,-0.434985298,-0.037090719,-0.699846136,-0.250936267,0.340891609,1.657462338,1.933733008,-0.274783512,1.42908717,1.492585892,-0.28210316,0.543490571,0.902767127,1.687604431
11-01:00,-0.12345344,-0.447408718,0.679851443,0.628800478,0.617602518,-0.663963158,-0.468788257,0.7442772,-0.325467118,-0.54624234,-0.703176986,-0.226360104,0.500559451,1.830792861,2.320849683,-0.061133156,0.704198859,1.512059191,0.595568389,0.452241206,0.807438347,2.004091455
11-02:00,-0.220580531,-0.210632086,0.402472978,0.504646135,1.172332371,-0.915575038,-0.712788597,0.060625841,-0.194924559,0.666464248,-0.702066702,-0.132970686,0.636809343,1.434207437,2.040114569,-0.011229423,0.833775463,1.3975973,0.917479484,0.026774666,0.799688039,0.237349187
11-03:00,-0.073215289,-0.080743191,0.37598764,0.505935896,1.501423295,-0.624117148,-0.302233782,0.467786623,-0.304173578,0.672635783,-0.703176986,-0.157546849,0.454610594,1.694419345,1.998252454,-0.113376126,1.059818267,1.342784564,0.967601458,-0.240206133,0.709009443,1.240799221
11-04:00,0.291848605,-0.058418537,0.503978362,0.591774427,1.36051313,-0.7926792,-0.695491043,0.713976863,-0.680653536,0.442746112,-0.704287269,-0.102074939,-0.052600917,1.433559069,1.783331491,-0.667846293,1.166621294,1.327852123,0.476385244,-0.216848042,1.020571798,0.304369968
11-05:00,0.228213614,-0.097655808,0.606918912,0.528109858,1.021153117,-0.826816933,-0.752756429,0.998042525,-0.619808441,0.580062761,-0.705397552,0.057319029,0.219898867,1.467922601,1.8469878,-0.259472139,1.326418873,1.316083507,0.070432234,0.181985908,0.984920384,-0.025148874
11-06:00,0.000467332,-0.227544703,0.231296803,0.496322219,0.883369346,-0.740297367,-0.716719859,0.098501262,-0.438798397,0.342458671,-0.704287269,0.08049084,0.480689675,1.526059647,1.847635152,-0.038591413,1.191462236,1.33510675,-0.842049139,0.2035976,0.70513429,0.105169312
11-07:00,0.72724591,0.054557741,0.108655337,0.522087668,0.843136063,-0.7744351,-0.759439575,0.316284937,-0.383276687,0.342458671,-0.703176986,0.258141386,0.700853889,1.531246595,1.948190543,0.015494593,0.939211099,1.333508046,-1.058831127,0.165176814,0.674133061,0.105169312
11-08:00,0.934896932,0.178358094,-0.29671385,0.416228083,0.99531061,-0.870020752,-0.886026217,0.628757164,-0.494320106,0.666464248,-0.700956419,0.109280059,0.41114546,1.464896881,2.042056626,-0.18284439,-0.25995851,1.329020924,-1.081955848,-0.127781675,0.850840068,-0.434347979
11-09:00,0.871261941,0.815625485,-0.634499761,0.466677567,0.878580227,-0.913336498,-0.93804992,0.979104814,-0.511052881,1.197216241,-0.69762557,-0.11260758,0.266912176,1.324200908,1.862740039,-0.385720076,-0.127484339,1.325272701,0.207253502,0.034633463,1.079474134,-0.00653199
11-10:00,0.978436662,0.883275952,-0.682121182,0.491877505,0.372256774,-0.780143377,-0.551475805,1.272639331,-0.361220527,0.539947785,-0.704287269,-0.260766732,0.274895568,1.434207437,1.860797983,-0.120606496,0.369293802,1.323794906,0.9302079,0.240271986,0.854715221,-0.06424433
11-11:00,0.713849069,0.798712869,-0.55413046,0.541176125,0.558259596,-0.75842954,-0.202248681,0.922291682,-0.360966321,0.425774391,-0.704287269,-0.34151698,0.153370599,1.398547168,1.932438304,-0.142581151,0.283180707,1.415478612,1.075811407,0.390244029,0.761711533,-1.663434644
11-12:00,-0.086612129,0.533523042,0.510110435,0.274334572,0.177565623,-0.535359042,-0.015644769,0.679888984,0.217577967,1.92237158,-0.700956419,0.236373928,1.229709263,1.649681915,2.068813855,0.722369625,1.115287146,1.423196729,0.583785091,0.873123447,0.279642418,-0.323019014
11-13:00,0.208118354,-0.340520981,0.224642852,-2.188661779,0.415815508,-0.572854585,-0.134237845,0.647694875,0.057098844,-0.160521415,-0.777565956,0.295356718,0.858747644,1.564961759,1.82174106,0.517721789,0.781619252,1.418803649,-0.090090645,0.824879165,0.453249302,0.713941411
11-14:00,0.234912034,-1.997957402,-0.40317708,-2.495614888,0.979467877,-0.516667235,-0.227539801,0.571944032,-0.005271491,1.660081351,-0.801992185,0.357850389,1.121312539,1.775033166,2.178647961,0.633124171,0.534886516,1.373919004,-0.473231928,0.637796136,0.436973656,-0.15546706
11-15:00,1.062166913,-1.805830079,0.114135062,-2.408268329,1.052417048,-0.809692103,-1.576617941,0.590881743,-0.194640445,0.453546298,-0.801992185,0.553055337,0.93645266,1.567771356,1.973868851,0.46087123,0.803147526,1.360820372,-1.13698753,-0.585993203,0.61058054,0.494262183
11-16:00,1.286563986,-2.09334456,-0.886828055,-2.771703033,1.245562566,-1.626087591,-2.798978397,0.600350598,-0.693573212,1.444077633,-0.803102468,0.342402515,0.353487628,0.691177091,1.246892219,-0.357720113,-1.141738694,1.439593529,-0.756227455,-2.178272802,0.965544616,-0.620889154
11-17:00,0.204769144,-1.676617688,0.535943425,-2.296892538,0.494818407,-1.612432498,-3.345423841,0.903353971,-1.957637902,0.215942208,-0.803102468,-0.427182461,-1.489966313,0.786487266,0.91587941,-1.883186487,1.085481271,1.279608855,1.281785901,-1.619425013,1.398786795,0.475645299
11-18:00,-0.066516869,-2.279383342,1.660461295,-2.33456347,0.503986818,-1.41432172,-2.483035959,1.054855657,-1.814654173,1.829798558,-0.803102468,0.014486289,-1.694873377,1.061179404,0.985577674,-1.822791629,1.563213605,1.184297835,-0.179772586,-1.957134986,1.016696644,-0.15546706
11-19:00,-0.12345344,-2.945063929,1.954670345,-2.043553787,1.292973673,-1.606724221,-3.337430274,1.386265596,-2.075529946,0.671092899,-0.803102468,-0.008685521,-2.227276926,0.776545615,0.839707622,-2.260937896,1.021726652,1.280629876,-1.612584737,-1.708927979,1.032197259,0.363943996
11-20:00,-0.582295215,-2.279383342,0.941573551,-1.958647852,0.645318519,-1.857216832,-4.759891975,0.212127527,-1.792598013,1.798940884,-0.805323034,0.056616853,-1.848331915,1.046266928,1.061749461,-1.836330852,0.384196739,1.247789255,-0.950780744,-1.83859813,0.961669462,-0.248551479
11-21:00,-0.347850512,-2.091315046,0.692637468,-1.910242143,1.472653453,-1.582771845,-5.162453223,-1.179794216,-2.217751055,1.353047495,-0.805323034,0.258141386,-2.304804534,0.854133717,1.107064122,-2.650456378,-0.24423351,0.881867219,-0.350206937,-2.250748375,0.965544616,-0.231796284
11-22:00,0.211467564,-2.059519327,0.6443637,-1.909269862,1.514350403,-1.72290444,-3.509488516,-0.337066086,-2.807943987,2.49323855,-0.803102468,0.356446037,-2.771389451,0.628069219,1.172446704,-3.413189565,-0.302184856,0.819054241,0.533847231,-2.409234115,1.494115576,0.161019963
11-23:00,0.512896467,-2.3023845,1.369513987,-1.93310067,0.872737267,-1.481477916,-2.42432911,0.442220713,-2.328031854,2.709242268,-0.87082974,0.668212213,-1.886119971,0.792970951,1.623651257,-2.77486128,0.28442601,0.831467714,0.736090348,-2.295718158,1.986260091,0.496123871
12-00:00,0.646864869,-2.510747936,0.252824295,-2.208543935,0.740737908,-1.599896675,-2.387899414,0.742383429,-2.170453676,0.290000625,-0.820866998,0.640827347,-1.537511849,1.014712992,1.46116583,-2.239884759,-0.218033316,0.807151279,0.758398831,-1.496740459,1.508841159,0.107031001
12-01:00,-0.223929741,-2.031782636,0.01954457,-1.983232674,1.290058048,-1.501624775,-2.838946229,0.941229392,-2.096060866,2.369807854,-0.705397552,0.678744855,-1.924972479,1.179830847,1.81224656,-2.365565608,-0.747213748,0.82247332,0.757386203,-1.764376158,0.926018049,0.458890103
12-02:00,0.144483363,-1.698942342,0.481928992,-1.537441794,1.572288204,-1.323213148,-2.015608885,0.060625841,-2.232689431,0.709664992,-0.704287269,0.732110236,-2.004274174,1.048428156,1.696586283,-2.541362848,-0.443351729,0.835168917,0.758810019,-2.208616491,1.242230587,-0.371422912
12-03:00,0.479404367,-1.676617688,0.775485693,-0.617663881,1.259660608,-1.306200245,-1.823239122,0.193189816,-2.462656673,3.048676682,-0.705397552,0.942763058,-2.540403306,1.125151767,1.890576188,-2.839792841,-0.481850305,0.834450172,0.766947858,-1.658718998,1.528991959,-0.4533372
12-04:00,-0.357898142,-1.196975883,1.263181226,-0.287961379,0.478776615,-1.277658861,-1.643187314,0.808665417,-2.066752342,-0.302466716,-0.705397552,0.664701333,-1.539640753,1.017954835,1.621277632,-2.876724439,0.351078196,0.848542956,0.750218031,-1.128905098,1.608045093,0.503570624
12-05:00,-0.525358644,-1.293039545,0.737127617,0.38263478,0.667624806,-1.244640398,-2.125815268,1.329452464,-1.851917868,2.894388312,-0.705397552,-0.079605305,-1.154309028,0.997207041,1.657529361,-1.726315805,-0.077810595,0.816481536,0.76718107,-1.167544183,1.619670554,-0.323019014
12-06:00,-0.458374443,-0.435908139,1.030945258,0.649178696,1.141642198,-1.078764594,-2.231042053,0.079563552,-1.810856027,0.84235299,-0.705397552,0.141580158,-1.547801554,0.895629304,1.446708295,-2.062598913,0.316714351,0.98742204,0.757459849,-0.450647254,1.253081018,-0.231796284
12-07:00,-0.022977139,-0.661860696,1.357771719,0.70573966,1.387187001,-1.036344264,-1.425919557,0.505662044,-1.441972361,3.048676682,-0.704287269,-0.016409458,-1.187661866,1.563016654,1.766068763,-1.488351557,0.998546114,1.101877213,0.753998505,-0.758013538,0.922142895,-0.099616409
12-08:00,-0.056469239,-0.069919117,0.330714673,0.441924084,1.408029621,-0.295611423,-1.10997712,0.212127527,-1.518024991,0.635606574,-0.705397552,0.015188465,-1.133552208,1.425778646,1.658824065,-1.543288194,0.812255329,1.169936361,0.748959918,-0.409388569,0.835339453,0.32484854
12-09:00,0.110991263,0.561936237,-0.341203999,0.498475127,0.939445362,-0.238192875,-1.701894163,1.348390174,-0.904265613,3.048676682,-0.704287269,0.187923779,-0.222203647,1.629798613,1.561289652,-1.189000047,-0.344411201,1.169083271,0.750402145,-0.033694411,0.464874763,-0.360252782
12-10:00,1.477468958,-0.177280406,-0.289798959,0.445287383,1.280468101,0.088633945,-0.346132877,0.653376188,-1.084513038,1.197216241,-0.705397552,-0.03396386,-0.192398983,1.543133352,1.462676318,-0.746317077,0.247579698,1.167477849,0.934933493,-0.336912997,0.295143032,-0.025148874
12-11:00,0.144483363,0.12261411,0.098870114,0.736743522,0.229882942,0.056734752,-0.035563164,0.637279134,-0.595464422,0.235999696,-0.705397552,-0.240403626,-0.180690008,1.270818565,1.296738346,-0.29193792,0.27242064,1.168277201,1.203328779,1.02484189,-0.028044783,0.002776452
12-12:00,0.278451765,-0.018978316,-0.230304801,0.223458475,0.167144313,0.496272054,-0.175516098,0.521759099,-0.04026228,1.351504611,-0.704287269,0.095938714,0.823620718,1.653139881,1.799946866,0.850389712,0.903333356,1.196214232,1.170194392,0.767466287,0.07038412,-0.043765758
31-05:00,0.107642053,-0.019181267,0.902432658,0.93625957,-0.094723306,-0.634414431,1.108172048,0.278409515,0.577534496,0.098683047,-1.402655364,-0.72069206,0.793461237,0.716679587,0.068063682,1.287047373,0.231024496,1.023816085,-0.208107734,1.053220879,-0.890653988,-1.158917094
